Hora,Carga_kW,Irradiacao_W_m2
1,2.732106849991477,0
2,2.182811318120581,0
3,2.070040378467746,0
4,1.961878751570043,0
5,2.040872292070401,0
6,3.500213212044188,0
7,5.019726138485407,0
8,5.310105514119316,186.336335786151
9,4.341149386286014,359.9741582238304
10,4.270148638592514,509.0803366639794
11,3.697824544606808,623.4935314555123
12,4.232048161947382,695.4166724501305
13,4.296230519284508,719.9483164476609
14,4.061613002532878,695.4166724501305
15,3.69610124968988,623.4935314555124
16,4.093745339139112,509.0803366639794
17,5.093417400728923,359.9741582238304
18,6.479427787160364,186.3363357861512
19,7.744505862127281,0
20,7.113080354582086,0
21,6.278912607983038,0
22,5.294852180845042,0
23,4.001972620187508,0
24,3.378817210532176,0
25,2.637593738358125,0
26,2.282890726810205,0
27,2.092726317470732,0
28,1.930594362359155,0
29,2.190812644918203,0
30,3.399336461214571,0
31,5.139590782363934,0
32,5.347934510115697,186.336335786151
33,4.313444330654917,359.9741582238304
34,4.307070922993586,509.0803366639794
35,3.711749800592596,623.4935314555123
36,4.109983125565681,695.4166724501305
37,4.268478927307945,719.9483164476609
38,3.954484706232772,695.4166724501305
39,3.899709621130751,623.4935314555124
40,3.997280596317125,509.0803366639794
41,4.683971190830868,359.9741582238304
42,6.528497613512278,186.3363357861512
43,7.667587698864923,0
44,6.828111014546201,0
45,6.225503180922917,0
46,5.266159072516224,0
47,4.272067114674047,0
48,3.42473266376146,0
49,2.628637795654517,0
50,2.372031681745652,0
51,2.213287283196999,0
52,1.978772295402432,0
53,2.045552064594598,0
54,3.360369213050651,0
55,4.854830703453363,0
56,5.159226670925418,186.336335786151
57,4.407963393015278,359.9741582238304
58,4.062464859038167,509.0803366639794
59,3.794586938203153,623.4935314555123
60,4.127295217453067,695.4166724501305
61,4.325257194571309,719.9483164476609
62,4.26787488905954,695.4166724501305
63,3.825397748226533,623.4935314555124
64,4.273159793700532,509.0803366639794
65,5.058276757670244,359.9741582238304
66,6.721181666363933,186.3363357861512
67,7.929669789623309,0
68,6.848591685404069,0
69,6.249502929135803,0
70,5.300412603006275,0
71,4.292868154271732,0
72,3.452068758670486,0
73,2.569046197209267,0
74,2.202399248610192,0
75,2.167682251356931,0
76,1.923776137817764,0
77,2.049052921176333,0
78,3.28745862676376,0
79,4.766602653043309,0
80,5.412114853372003,186.336335786151
81,4.569550238740771,359.9741582238304
82,4.246801503627283,509.0803366639794
83,3.669648624052677,623.4935314555123
84,4.068210539317187,695.4166724501305
85,4.537508842946404,719.9483164476609
86,3.989930081279457,695.4166724501305
87,3.789420366694214,623.4935314555124
88,4.224703065863459,509.0803366639794
89,5.13378885788723,359.9741582238304
90,6.410193612567778,186.3363357861512
91,7.435986784187763,0
92,7.503373249335675,0
93,6.12700554495094,0
94,5.467038636655714,0
95,4.232077966410889,0
96,3.503933903217616,0
97,2.607851566123478,0
98,2.339044417099842,0
99,2.02249726613686,0
100,1.97300655068,0
101,2.106070864746107,0
102,3.447683397009208,0
103,4.894345419999905,0
104,5.166985688601963,186.336335786151
105,4.545665412727214,359.9741582238304
106,4.035760391895584,509.0803366639794
107,3.849825511545281,623.4935314555123
108,4.041715734266661,695.4166724501305
109,4.488284258938593,719.9483164476609
110,4.229512194209089,695.4166724501305
111,3.881411926831607,623.4935314555124
112,4.05888847228143,509.0803366639794
113,4.872609888001647,359.9741582238304
114,6.733446147396415,186.3363357861512
115,7.438584244812548,0
116,7.471278505653166,0
117,6.132851070052237,0
118,5.084865260845832,0
119,4.243924053052997,0
120,3.477631706482393,0
121,2.630646582176341,0
122,2.306945747941169,0
123,2.150083254349819,0
124,1.975202808706133,0
125,2.197845011452363,0
126,3.414307744292389,0
127,4.776243732476038,0
128,5.494867374706396,186.336335786151
129,4.501389197767651,359.9741582238304
130,4.257723928758059,509.0803366639794
131,3.851306937391112,623.4935314555123
132,4.275072977757177,695.4166724501305
133,4.321724811242821,719.9483164476609
134,4.236572867866021,695.4166724501305
135,3.682866191177749,623.4935314555124
136,4.218010736360664,509.0803366639794
137,5.138481303418375,359.9741582238304
138,6.594427963512921,186.3363357861512
139,7.390589010556351,0
140,7.209186838475645,0
141,6.050519958581607,0
142,5.423315464037054,0
143,4.307144605421978,0
144,3.333164791591798,0
145,2.521660149090999,0
146,2.373909002470024,0
147,2.089934960356223,0
148,1.867992737133779,0
149,2.072810209096988,0
150,3.515114099502171,0
151,4.68505260248478,0
152,5.454103961465409,186.336335786151
153,4.683939763273924,359.9741582238304
154,4.112073394716143,509.0803366639794
155,3.936306006267001,623.4935314555123
156,4.273305760105283,695.4166724501305
157,4.371784741265067,719.9483164476609
158,4.253421078209827,695.4166724501305
159,3.92770889203268,623.4935314555124
160,4.049443330029495,509.0803366639794
161,5.128688245664719,359.9741582238304
162,6.192834880803765,186.3363357861512
163,7.440095819225993,0
164,7.023099473692747,0
165,5.831949648366156,0
166,5.118702660482836,0
167,4.195853545106369,0
168,3.476794673760799,0
169,2.592886180670571,0
170,2.201307002840935,0
171,2.182196578652821,0
172,1.95639091113587,0
173,2.209644002234556,0
174,3.262337792754634,0
175,4.841490520719257,0
176,5.424621010943732,186.336335786151
177,4.498379646460202,359.9741582238304
178,4.258649871005511,509.0803366639794
179,3.96124554953889,623.4935314555123
180,4.137269380546434,695.4166724501305
181,4.243765873875107,719.9483164476609
182,4.00871102529407,695.4166724501305
183,3.630119729138387,623.4935314555124
184,4.100663565237657,509.0803366639794
185,4.951816013043311,359.9741582238304
186,6.182785964097339,186.3363357861512
187,7.90129403470423,0
188,7.036722712810641,0
189,6.084458305450082,0
190,5.079293606852882,0
191,4.025597563355069,0
192,3.432584432794326,0
193,2.533427888434283,0
194,2.27303872735869,0
195,2.138714693395977,0
196,1.904229350911347,0
197,2.142946215394018,0
198,3.509172782430615,0
199,5.012658066289831,0
200,5.232439511689062,186.336335786151
201,4.475101177231744,359.9741582238304
202,4.132145658557259,509.0803366639794
203,3.631050332776969,623.4935314555123
204,4.211421875327743,695.4166724501305
205,4.207338021014473,719.9483164476609
206,4.225498965454319,695.4166724501305
207,3.937726000532003,623.4935314555124
208,4.317691502384434,509.0803366639794
209,5.103785258952343,359.9741582238304
210,6.580957018349014,186.3363357861512
211,7.621794179026738,0
212,7.30422980553958,0
213,6.303471710212486,0
214,5.49972619186148,0
215,4.030424585551107,0
216,3.287926659254821,0
217,2.762986635325035,0
218,2.173595934856268,0
219,2.116633433264175,0
220,1.91213609154361,0
221,2.126407998541604,0
222,3.41092883894424,0
223,4.678677834946422,0
224,5.29240722661262,186.336335786151
225,4.534588795946393,359.9741582238304
226,3.969813229056839,509.0803366639794
227,3.590862636783718,623.4935314555123
228,3.992555171557854,695.4166724501305
229,4.173020641713116,719.9483164476609
230,4.126807086065014,695.4166724501305
231,3.934127609889202,623.4935314555124
232,4.292775394094048,509.0803366639794
233,5.026611127726182,359.9741582238304
234,6.545180710221051,186.3363357861512
235,7.568746291562635,0
236,7.08199792913001,0
237,5.828935489916404,0
238,5.343689450037662,0
239,4.157653089997299,0
240,3.538874707781971,0
241,2.692067129901148,0
242,2.317798724229548,0
243,2.165979523259697,0
244,1.806360289243058,0
245,2.119050431790054,0
246,3.285690762406163,0
247,4.862009716066581,0
248,5.255423117346826,186.336335786151
249,4.352149625290602,359.9741582238304
250,4.177673204648658,509.0803366639794
251,3.709673914417614,623.4935314555123
252,4.15741905104124,695.4166724501305
253,4.551379504512604,719.9483164476609
254,4.299836908100677,695.4166724501305
255,3.910982415199395,623.4935314555124
256,3.967013933916725,509.0803366639794
257,4.963517543560257,359.9741582238304
258,6.412636605295189,186.3363357861512
259,7.429862150426318,0
260,7.004582283877966,0
261,6.162459648690644,0
262,5.166676470804339,0
263,4.26468812515405,0
264,3.455917263018187,0
265,2.574281040030902,0
266,2.340629755937228,0
267,2.057809046444677,0
268,1.892099948664472,0
269,2.073124854725777,0
270,3.472758016808284,0
271,5.065758519234739,0
272,5.521516230018784,186.336335786151
273,4.604528424976071,359.9741582238304
274,4.098317795168736,509.0803366639794
275,3.804222917180001,623.4935314555123
276,4.086125571727004,695.4166724501305
277,4.296060334228323,719.9483164476609
278,4.172727159711386,695.4166724501305
279,3.947373657979313,623.4935314555124
280,3.961546191566657,509.0803366639794
281,5.118261311388141,359.9741582238304
282,6.305686473727753,186.3363357861512
283,7.284093448175719,0
284,7.360017217535454,0
285,6.332940191339476,0
286,5.337758704661851,0
287,4.153008396594046,0
288,3.314917396015412,0
289,2.588297370483466,0
290,2.210138870684468,0
291,2.034371812041369,0
292,1.852889788069553,0
293,2.048083052225106,0
294,3.402816922544566,0
295,4.734959217809487,0
296,5.117752959209725,186.336335786151
297,4.666120715650227,359.9741582238304
298,4.162840295302687,509.0803366639794
299,3.924663956963214,623.4935314555123
300,4.206301438882918,695.4166724501305
301,4.193053666725153,719.9483164476609
302,4.336734996698544,695.4166724501305
303,3.724445818628119,623.4935314555124
304,4.310376753802311,509.0803366639794
305,4.978690398511837,359.9741582238304
306,6.645061016737714,186.3363357861512
307,7.27982120770735,0
308,6.912100235753958,0
309,5.897890335602719,0
310,5.25923392996281,0
311,4.301335809189602,0
312,3.225823750335791,0
313,2.723194420683636,0
314,2.231248258205723,0
315,2.071944559749756,0
316,1.838034356788653,0
317,2.199680936245787,0
318,3.430434845358886,0
319,4.713744266832929,0
320,5.103035785641103,186.336335786151
321,4.661094540086435,359.9741582238304
322,4.318195420527172,509.0803366639794
323,3.736081670123814,623.4935314555123
324,4.3248153164915,695.4166724501305
325,4.354122308066606,719.9483164476609
326,3.943799096604082,695.4166724501305
327,3.65418160014714,623.4935314555124
328,4.168585957591532,509.0803366639794
329,4.874315193863848,359.9741582238304
330,6.172706080822161,186.3363357861512
331,7.796821711066481,0
332,7.065067818953175,0
333,5.958892133973181,0
334,5.22874454787294,0
335,3.968607202662817,0
336,3.223161304808529,0
337,2.703669532995524,0
338,2.228444033314008,0
339,2.019422252836326,0
340,1.79154305433642,0
341,2.065175539819136,0
342,3.495320982316193,0
343,4.775285637158068,0
344,5.143791819623291,186.336335786151
345,4.41731901322941,359.9741582238304
346,4.250974744267431,509.0803366639794
347,3.585512936854174,623.4935314555123
348,4.195713907224608,695.4166724501305
349,4.488849809075429,719.9483164476609
350,4.340241394089054,695.4166724501305
351,3.698202616058868,623.4935314555124
352,4.186727574976305,509.0803366639794
353,4.955155133922294,359.9741582238304
354,6.465186806941321,186.3363357861512
355,7.293411605976402,0
356,7.156445751855568,0
357,5.971294844331314,0
358,5.232558748874866,0
359,3.972242929007089,0
360,3.31874542519358,0
361,2.655286238967786,0
362,2.359810360401102,0
363,2.137421929004846,0
364,1.952199461391038,0
365,2.16791788494289,0
366,3.233188700763239,0
367,4.763731817042661,0
368,5.033915961691632,186.336335786151
369,4.368590832867719,359.9741582238304
370,4.124398332610801,509.0803366639794
371,3.785256068087503,623.4935314555123
372,4.110127919928996,695.4166724501305
373,4.583950515033163,719.9483164476609
374,4.197951094990858,695.4166724501305
375,3.577847852783038,623.4935314555124
376,4.079006842107746,509.0803366639794
377,4.962408783537394,359.9741582238304
378,6.406478712735928,186.3363357861512
379,7.318785291415716,0
380,6.849654494436035,0
381,5.930983193808906,0
382,5.474224663214956,0
383,4.092877944096238,0
384,3.283749411492096,0
385,2.548053377014281,0
386,2.335109549544497,0
387,2.075448783377966,0
388,1.949849720033534,0
389,2.127310816965797,0
390,3.431567758356127,0
391,4.938992328394074,0
392,5.491777521220659,186.336335786151
393,4.517005344576567,359.9741582238304
394,4.326641323970791,509.0803366639794
395,3.825945828652388,623.4935314555123
396,4.249304161496295,695.4166724501305
397,4.422275012863198,719.9483164476609
398,3.94325102410947,695.4166724501305
399,3.704733227529825,623.4935314555124
400,3.94599191693724,509.0803366639794
401,4.903901833158952,359.9741582238304
402,6.098401128900413,186.3363357861512
403,7.854831411226928,0
404,7.267673486030753,0
405,5.833146905226524,0
406,5.501941158651213,0
407,4.112359566425564,0
408,3.46989639465463,0
409,2.632751520821273,0
410,2.156292082484873,0
411,2.072575371903849,0
412,1.903994370162159,0
413,2.164784544795399,0
414,3.454463554669295,0
415,4.657462577343429,0
416,5.21735178888451,186.336335786151
417,4.566519598871192,359.9741582238304
418,4.014941022876156,509.0803366639794
419,3.735169476110085,623.4935314555123
420,4.092811333619163,695.4166724501305
421,4.21122217551577,719.9483164476609
422,4.090418893540863,695.4166724501305
423,3.922671010161389,623.4935314555124
424,4.097731883400594,509.0803366639794
425,4.723273686051746,359.9741582238304
426,6.623134879491622,186.3363357861512
427,7.218154941759659,0
428,7.473911956159798,0
429,5.871308263129147,0
430,5.45920140524318,0
431,4.100423278743937,0
432,3.391761846831737,0
433,2.71761861205014,0
434,2.329167356015313,0
435,2.201465496535712,0
436,1.815071069913665,0
437,2.162154067948577,0
438,3.379404818500862,0
439,4.761871078578908,0
440,5.370140989545985,186.336335786151
441,4.338666631752974,359.9741582238304
442,3.943510993029309,509.0803366639794
443,3.731985218022849,623.4935314555123
444,3.946189539350765,695.4166724501305
445,4.382177772161392,719.9483164476609
446,3.927865666589896,695.4166724501305
447,3.586040138448019,623.4935314555124
448,3.979465037583056,509.0803366639794
449,4.897392288160329,359.9741582238304
450,6.140776039890752,186.3363357861512
451,7.248746947878515,0
452,6.881354762816168,0
453,5.720212463801917,0
454,5.507899541475128,0
455,4.020931172041162,0
456,3.223192914703664,0
457,2.518475517171921,0
458,2.273189278159603,0
459,2.049267607416973,0
460,1.880594969727233,0
461,2.057260211914259,0
462,3.509183067813042,0
463,4.974461483103779,0
464,5.46178110857972,186.336335786151
465,4.564302153812883,359.9741582238304
466,4.265633587536371,509.0803366639794
467,3.837031402043595,623.4935314555123
468,3.96354407354484,695.4166724501305
469,4.417015728003431,719.9483164476609
470,4.172417145161078,695.4166724501305
471,3.706308858968667,623.4935314555124
472,4.233732099004661,509.0803366639794
473,4.667417813607313,359.9741582238304
474,6.56761090614827,186.3363357861512
475,7.401796601960231,0
476,6.975518991047077,0
477,5.8394112963821,0
478,5.471396290450949,0
479,4.175844889192105,0
480,3.294424473283979,0
481,2.756564978606973,0
482,2.254981504951712,0
483,2.134915228098314,0
484,1.850966346479313,0
485,1.997647353391916,0
486,3.281668897552833,0
487,4.867951618572479,0
488,5.50928209706579,186.336335786151
489,4.485128448004328,359.9741582238304
490,4.262669644553909,509.0803366639794
491,3.687755072500432,623.4935314555123
492,4.272862783725863,695.4166724501305
493,4.260690932003572,719.9483164476609
494,4.324149294093173,695.4166724501305
495,3.798968112040046,623.4935314555124
496,4.210163178439368,509.0803366639794
497,4.769660084589164,359.9741582238304
498,6.542527768326236,186.3363357861512
499,7.792551744224221,0
500,7.180922804047202,0
501,6.159043777060544,0
502,5.390574902102269,0
503,4.29986754689216,0
504,3.448283083374942,0
505,2.625995046263863,0
506,2.298122317301075,0
507,2.003172210086884,0
508,1.956008727597978,0
509,2.166772098391881,0
510,3.527622324708751,0
511,4.655889799214897,0
512,5.013206223985573,186.336335786151
513,4.555943564286526,359.9741582238304
514,4.188879814874642,509.0803366639794
515,3.64779945281795,623.4935314555123
516,4.146774569199927,695.4166724501305
517,4.486926975495746,719.9483164476609
518,4.314301635630707,695.4166724501305
519,3.658983905307947,623.4935314555124
520,4.218502922937788,509.0803366639794
521,5.071465170324766,359.9741582238304
522,6.645910651813638,186.3363357861512
523,7.496917151353437,0
524,7.431732678377467,0
525,6.266385586580101,0
526,5.298492708073066,0
527,4.278085800321022,0
528,3.498895925828048,0
529,2.63207589021068,0
530,2.191074267632676,0
531,2.034730519428012,0
532,1.901766178357899,0
533,2.06988285555159,0
534,3.379198943928976,0
535,4.864685451972478,0
536,5.334075128145822,186.336335786151
537,4.719323149828799,359.9741582238304
538,4.311076445003129,509.0803366639794
539,3.639318663811272,623.4935314555123
540,4.152422913339477,695.4166724501305
541,4.36856380149763,719.9483164476609
542,3.989073354395284,695.4166724501305
543,3.715139485834043,623.4935314555124
544,3.984554067515658,509.0803366639794
545,5.033776661663715,359.9741582238304
546,6.680534113619334,186.3363357861512
547,7.343055674674894,0
548,7.43007924291215,0
549,6.215384654169427,0
550,5.083636127027376,0
551,4.054997640785282,0
552,3.303881889312478,0
553,2.531266621477379,0
554,2.336198891903225,0
555,2.115403141291976,0
556,1.824581020301689,0
557,2.068659534337284,0
558,3.330927729245171,0
559,5.068430633351245,0
560,5.17169223196573,186.336335786151
561,4.407525870000071,359.9741582238304
562,3.948162641124676,509.0803366639794
563,3.837625129901788,623.4935314555123
564,4.213915715805993,695.4166724501305
565,4.150184151522474,719.9483164476609
566,3.994938040530978,695.4166724501305
567,3.847892487943788,623.4935314555124
568,4.233003787910588,509.0803366639794
569,4.920591694759415,359.9741582238304
570,6.137074913679129,186.3363357861512
571,7.173118033819762,0
572,7.022403345626685,0
573,5.976708278600881,0
574,5.236317196047699,0
575,3.921019357164182,0
576,3.49397010348157,0
577,2.698802485220509,0
578,2.350790781628583,0
579,2.162778120783153,0
580,1.861229771682409,0
581,2.084789169459756,0
582,3.239129279470953,0
583,5.045008542212309,0
584,5.007777366439415,186.336335786151
585,4.611675564279668,359.9741582238304
586,4.265578689562996,509.0803366639794
587,3.570610183744428,623.4935314555123
588,4.129652945619508,695.4166724501305
589,4.335834155780896,719.9483164476609
590,4.132653097339818,695.4166724501305
591,3.5776161865168,623.4935314555124
592,4.154318228310157,509.0803366639794
593,4.760617475305483,359.9741582238304
594,6.519651669447197,186.3363357861512
595,7.702325525060203,0
596,7.038848299346279,0
597,5.838327667725361,0
598,4.999444785210057,0
599,4.115600801492286,0
600,3.200232265964781,0
601,2.634856065194005,0
602,2.173864324287306,0
603,2.07436430370169,0
604,1.819899214269938,0
605,2.110230389038052,0
606,3.275435123178774,0
607,4.934009903993644,0
608,5.419979064733037,186.336335786151
609,4.334277907564062,359.9741582238304
610,4.251944151758961,509.0803366639794
611,3.831621555206174,623.4935314555123
612,4.312754710412963,695.4166724501305
613,4.494327413991149,719.9483164476609
614,4.159018040604756,695.4166724501305
615,3.623960254216184,623.4935314555124
616,3.985726907337274,509.0803366639794
617,4.899605006887349,359.9741582238304
618,6.463498640061836,186.3363357861512
619,7.509891709590437,0
620,7.137360374812823,0
621,5.758601894981981,0
622,5.041322227149921,0
623,4.080774708235031,0
624,3.490985949204273,0
625,2.709699025810472,0
626,2.317301651521606,0
627,2.153346178400139,0
628,1.778173461413431,0
629,2.15189944112625,0
630,3.259205639532936,0
631,4.72861671470399,0
632,5.09904097662444,186.336335786151
633,4.345354372906073,359.9741582238304
634,4.017711865537722,509.0803366639794
635,3.685575294553054,623.4935314555123
636,4.025596747977299,695.4166724501305
637,4.434059028472936,719.9483164476609
638,4.17057554427184,695.4166724501305
639,3.757002653411198,623.4935314555124
640,4.111769418128191,509.0803366639794
641,4.728397339944316,359.9741582238304
642,6.597932745858858,186.3363357861512
643,7.330293356943,0
644,6.894802617382057,0
645,5.735598419665387,0
646,5.09380513934132,0
647,4.070283378728241,0
648,3.479074254215462,0
649,2.715740482384814,0
650,2.277745667235383,0
651,2.00370655402179,0
652,1.952100922073019,0
653,2.081194596805705,0
654,3.50120813838935,0
655,5.029155657349119,0
656,5.172416748766587,186.336335786151
657,4.488946370588036,359.9741582238304
658,3.97482969302929,509.0803366639794
659,3.757946667829893,623.4935314555123
660,3.912695026163612,695.4166724501305
661,4.468582223472564,719.9483164476609
662,4.284144553002801,695.4166724501305
663,3.782244521648061,623.4935314555124
664,4.013350963597278,509.0803366639794
665,4.749400720618402,359.9741582238304
666,6.376911259765693,186.3363357861512
667,7.131688727573869,0
668,6.744442303029426,0
669,5.776393365159176,0
670,5.229379820371604,0
671,4.126882520549093,0
672,3.398167384458722,0
673,2.597026245807474,0
674,2.142424897397138,0
675,2.109475905601894,0
676,1.812222346349612,0
677,2.017586198696476,0
678,3.41858398473158,0
679,4.890234358082681,0
680,5.239475750781117,186.336335786151
681,4.508861769942806,359.9741582238304
682,4.185114964485381,509.0803366639794
683,3.644542539733796,623.4935314555123
684,4.096223368166044,695.4166724501305
685,4.527337640666462,719.9483164476609
686,3.943883728481113,695.4166724501305
687,3.720449500133043,623.4935314555124
688,4.229039983105999,509.0803366639794
689,4.626161773027025,359.9741582238304
690,6.057600598154734,186.3363357861512
691,7.605506181934341,0
692,6.817421619474739,0
693,6.222045144187737,0
694,5.40430317465843,0
695,4.02601685297025,0
696,3.363786939131083,0
697,2.735599990543943,0
698,2.292652602738591,0
699,2.165833535214735,0
700,1.829336350589423,0
701,2.088655691267729,0
702,3.329138662683437,0
703,4.965792882115947,0
704,5.301844223394967,186.336335786151
705,4.264052712659888,359.9741582238304
706,4.032086749826821,509.0803366639794
707,3.729103937786173,623.4935314555123
708,4.293084798725721,695.4166724501305
709,4.415144484776815,719.9483164476609
710,3.951367997431411,695.4166724501305
711,3.706195812016322,623.4935314555124
712,4.285412479044044,509.0803366639794
713,4.908137113685298,359.9741582238304
714,6.440199077023088,186.3363357861512
715,7.084289216603725,0
716,7.302439647931347,0
717,5.808115096662164,0
718,5.154927875606824,0
719,4.196214422285318,0
720,3.372601278530536,0
721,2.512074397156709,0
722,2.188876277111818,0
723,2.0077586113246,0
724,1.800407508204149,0
725,2.180067033513556,0
726,3.337099797280465,0
727,5.073453713766945,0
728,5.374415927091833,186.336335786151
729,4.453505397293279,359.9741582238304
730,4.02652867079594,509.0803366639794
731,3.725565136500206,623.4935314555123
732,4.136615696820619,695.4166724501305
733,4.419200793176715,719.9483164476609
734,4.070389138101233,695.4166724501305
735,3.754498729088759,623.4935314555124
736,4.025827879548262,509.0803366639794
737,4.729652259843372,359.9741582238304
738,6.361426527062076,186.3363357861512
739,7.607273268193832,0
740,6.824999605819326,0
741,5.9746066631463,0
742,4.985128827594055,0
743,3.99835216369674,0
744,3.48182584965774,0
745,2.52856909144075,0
746,2.213133872645595,0
747,2.105082720508229,0
748,1.865673549285203,0
749,2.105780084963373,0
750,3.251599004061071,0
751,4.80439874807027,0
752,5.236432894544544,172.7846022744309
753,4.473125162845544,333.7942194439154
754,4.13760501644829,472.0563121793263
755,3.716079755083798,578.1485473496567
756,4.201895551487403,644.8409144537573
757,4.147757600066728,667.5884388878309
758,4.241697123151083,644.8409144537573
759,3.8864414565767,578.1485473496568
760,3.898476604354789,472.0563121793263
761,4.726603265031153,333.7942194439154
762,6.386083687485145,172.7846022744311
763,7.378212999627153,0
764,6.85362131759242,0
765,5.69978755358929,0
766,5.123335471495873,0
767,4.091187236069656,0
768,3.395366095481823,0
769,2.554672431412828,0
770,2.194199367585779,0
771,2.119368400767044,0
772,1.899251661957613,0
773,2.123936238238572,0
774,3.298289658666207,0
775,4.671011154682551,0
776,5.319693476710469,172.7846022744309
777,4.255835605169388,333.7942194439154
778,3.906606903721267,472.0563121793263
779,3.55846281893314,578.1485473496567
780,4.024077414777461,644.8409144537573
781,4.339227085878947,667.5884388878309
782,4.006544487696297,644.8409144537573
783,3.715560115487175,578.1485473496568
784,4.079098452188511,472.0563121793263
785,4.761790755267806,333.7942194439154
786,6.462667129177026,172.7846022744311
787,7.612765708756743,0
788,6.700566942970188,0
789,5.679129944454294,0
790,5.235969309470962,0
791,4.152530588829568,0
792,3.285428190284863,0
793,2.655025151808239,0
794,2.12397392224347,0
795,2.084645835490521,0
796,1.927877724680284,0
797,1.989483964178197,0
798,3.445873564641891,0
799,5.015405977952342,0
800,5.341235916007136,172.7846022744309
801,4.635970698517967,333.7942194439154
802,4.172727989243467,472.0563121793263
803,3.801942728267454,578.1485473496567
804,3.93977559114774,644.8409144537573
805,4.337672275349701,667.5884388878309
806,3.873378671328105,644.8409144537573
807,3.671302156244083,578.1485473496568
808,4.171283704773147,472.0563121793263
809,4.721498681397978,333.7942194439154
810,6.130027865425715,172.7846022744311
811,7.148388988072781,0
812,7.263610108870948,0
813,6.064928795383969,0
814,5.07743445224154,0
815,3.976068356984175,0
816,3.372334014193203,0
817,2.715592264229353,0
818,2.256390153558927,0
819,2.079949697059329,0
820,1.768476526940767,0
821,2.033817813258459,0
822,3.444502685558351,0
823,5.016787874156755,0
824,5.415634830913264,172.7846022744309
825,4.442848317843652,333.7942194439154
826,3.941292263938975,472.0563121793263
827,3.633311790099294,578.1485473496567
828,3.945678852629343,644.8409144537573
829,4.154596289079164,667.5884388878309
830,4.017529676677561,644.8409144537573
831,3.625015686037613,578.1485473496568
832,4.184243136475917,472.0563121793263
833,5.04530680125217,333.7942194439154
834,6.552546404509236,172.7846022744311
835,7.707234604614303,0
836,6.95963810642935,0
837,6.112098255231595,0
838,5.004079032837439,0
839,4.035771016063889,0
840,3.442012954899567,0
841,2.573423594296292,0
842,2.172606908537375,0
843,2.036340327864609,0
844,1.806129577174352,0
845,2.005421712387817,0
846,3.248357925506044,0
847,4.968698513399355,0
848,5.003046916548174,172.7846022744309
849,4.484758112757104,333.7942194439154
850,3.87609758678453,472.0563121793263
851,3.864967242049735,578.1485473496567
852,3.871448108917144,644.8409144537573
853,4.345440398439409,667.5884388878309
854,3.906510706858706,644.8409144537573
855,3.774536028258825,578.1485473496568
856,4.153379706513078,472.0563121793263
857,4.904469301083402,333.7942194439154
858,6.42745934544124,172.7846022744311
859,7.042247167243924,0
860,7.180042447127392,0
861,5.806109949917353,0
862,5.422911637244307,0
863,4.263415859172798,0
864,3.222059561589321,0
865,2.458503789947187,0
866,2.299429954157864,0
867,2.156581522138203,0
868,1.879647229648646,0
869,2.067631702739116,0
870,3.43529983268658,0
871,4.860794760524533,0
872,4.950208759804594,172.7846022744309
873,4.281779403048077,333.7942194439154
874,4.091117683147476,472.0563121793263
875,3.630384960373167,578.1485473496567
876,4.017082884327204,644.8409144537573
877,4.164515015885755,667.5884388878309
878,3.960455118939809,644.8409144537573
879,3.614439241512895,578.1485473496568
880,4.065092588495685,472.0563121793263
881,4.69645232529382,333.7942194439154
882,6.182717516653322,172.7846022744311
883,7.244184548674157,0
884,6.880880687365684,0
885,5.688761498274729,0
886,5.364132069552868,0
887,4.023925347823195,0
888,3.21552721310368,0
889,2.629757759050682,0
890,2.32019888509439,0
891,2.075882830540531,0
892,1.937014066090748,0
893,1.982033598668069,0
894,3.188518613098807,0
895,4.905666232003667,0
896,5.017281267008024,172.7846022744309
897,4.454839830387218,333.7942194439154
898,3.969614111157225,472.0563121793263
899,3.705685006168396,578.1485473496567
900,3.92271296772376,644.8409144537573
901,4.248476906366284,667.5884388878309
902,3.972200415663519,644.8409144537573
903,3.675353554902056,578.1485473496568
904,4.142674286612251,472.0563121793263
905,4.83573595032258,333.7942194439154
906,6.161308006391617,172.7846022744311
907,7.170120340622052,0
908,7.076767552693224,0
909,5.670117568796308,0
910,5.005823070324113,0
911,4.054346971064505,0
912,3.248733370191615,0
913,2.592061005442969,0
914,2.268066790606624,0
915,2.008191418811656,0
916,1.844959207774644,0
917,2.012541237315592,0
918,3.344942859944222,0
919,4.573653063968147,0
920,5.044495375068098,172.7846022744309
921,4.413432644810713,333.7942194439154
922,4.112419212481993,472.0563121793263
923,3.677108154169264,578.1485473496567
924,4.053657887895757,644.8409144537573
925,4.261917296452859,667.5884388878309
926,4.158807041455605,644.8409144537573
927,3.513317787663778,578.1485473496568
928,4.07368715969274,472.0563121793263
929,4.863646997433478,333.7942194439154
930,6.21930147447656,172.7846022744311
931,7.021625946852976,0
932,6.72888913940965,0
933,5.862280335575739,0
934,5.212716820084805,0
935,4.218920186279367,0
936,3.237030330607891,0
937,2.703079221165104,0
938,2.104371671767273,0
939,1.975763471518353,0
940,1.78295854273214,0
941,1.963471667651146,0
942,3.21476395377934,0
943,4.644027808948968,0
944,5.279276265542546,172.7846022744309
945,4.628507629193265,333.7942194439154
946,3.934500901413526,472.0563121793263
947,3.520161510656191,578.1485473496567
948,3.884710005660355,644.8409144537573
949,4.198625905775008,667.5884388878309
950,4.050733008292158,644.8409144537573
951,3.788883869191937,578.1485473496568
952,4.016142079906098,472.0563121793263
953,4.56700206633771,333.7942194439154
954,5.956420589467655,172.7846022744311
955,7.561565567914159,0
956,6.788289482361294,0
957,6.164180776428228,0
958,5.171076235287183,0
959,3.951740767209901,0
960,3.42477737497084,0
961,2.694757883770249,0
962,2.155446140553176,0
963,2.148306809173386,0
964,1.817216388720606,0
965,2.014737544701549,0
966,3.339836243611706,0
967,4.630072385182956,0
968,4.88866225875859,172.7846022744309
969,4.216706831748898,333.7942194439154
970,4.19418369738028,472.0563121793263
971,3.669617298990481,578.1485473496567
972,3.995156297838663,644.8409144537573
973,4.252845096152819,667.5884388878309
974,3.869544543696174,644.8409144537573
975,3.745883170015401,578.1485473496568
976,3.955521920694607,472.0563121793263
977,4.930434614680008,333.7942194439154
978,6.484322075833497,172.7846022744311
979,7.200735522487006,0
980,6.683987629120342,0
981,5.791587792485427,0
982,4.927154041929422,0
983,4.099363383181729,0
984,3.333345416135042,0
985,2.492510713226423,0
986,2.130413787717639,0
987,1.992647433287639,0
988,1.788581603246708,0
989,2.154310512811997,0
990,3.240007819091706,0
991,4.554727308739969,0
992,5.145857673921153,172.7846022744309
993,4.53055790439358,333.7942194439154
994,4.168907405035712,472.0563121793263
995,3.501795125407734,578.1485473496567
996,4.170866457940901,644.8409144537573
997,4.213836333428159,667.5884388878309
998,4.062315101997592,644.8409144537573
999,3.835174810592279,578.1485473496568
1000,3.850238227762137,472.0563121793263
1001,4.619595666924664,333.7942194439154
1002,5.944311073224871,172.7846022744311
1003,7.091269772685952,0
1004,6.886349721075761,0
1005,6.034368630353065,0
1006,5.317300319531486,0
1007,4.181761611538573,0
1008,3.257132802194256,0
1009,2.542864416267425,0
1010,2.133087105110972,0
1011,1.953945163444744,0
1012,1.759650388574971,0
1013,2.11015811836133,0
1014,3.463535990679412,0
1015,4.911715309272625,0
1016,5.312093827600253,172.7846022744309
1017,4.574401007228047,333.7942194439154
1018,4.216435314692506,472.0563121793263
1019,3.680138031487639,578.1485473496567
1020,4.112266855683873,644.8409144537573
1021,4.06732667673697,667.5884388878309
1022,4.014046680788923,644.8409144537573
1023,3.606420160609776,578.1485473496568
1024,4.052387096466744,472.0563121793263
1025,4.730380092953129,333.7942194439154
1026,6.137470398535854,172.7846022744311
1027,7.600389690149913,0
1028,7.247321715430601,0
1029,5.748537299685831,0
1030,4.995492672942285,0
1031,3.889494057770555,0
1032,3.190789449640299,0
1033,2.627805360795589,0
1034,2.158949893305148,0
1035,2.138796291240296,0
1036,1.800314188288718,0
1037,2.018561336804809,0
1038,3.249610858532596,0
1039,4.853176744800471,0
1040,4.893916516731941,172.7846022744309
1041,4.232795975473494,333.7942194439154
1042,4.159388676773474,472.0563121793263
1043,3.486178783383861,578.1485473496567
1044,3.916014278838947,644.8409144537573
1045,4.227624743300213,667.5884388878309
1046,4.157626105695529,644.8409144537573
1047,3.830228389749291,578.1485473496568
1048,3.998841711952858,472.0563121793263
1049,4.766121361304783,333.7942194439154
1050,6.099235538840561,172.7846022744311
1051,7.002737979008804,0
1052,6.905133774422661,0
1053,5.574523479740976,0
1054,5.315649297875206,0
1055,3.949634464565406,0
1056,3.254410246023349,0
1057,2.656589679732209,0
1058,2.282103270389893,0
1059,1.992169652704268,0
1060,1.756557090466443,0
1061,2.077088291981738,0
1062,3.332893260313745,0
1063,4.595998514393763,0
1064,4.920057029073234,172.7846022744309
1065,4.366639499410719,333.7942194439154
1066,4.063809628647988,472.0563121793263
1067,3.573413856691223,578.1485473496567
1068,3.875158524741411,644.8409144537573
1069,4.370272410920118,667.5884388878309
1070,4.165090337682979,644.8409144537573
1071,3.533428358908951,578.1485473496568
1072,4.042022636974689,472.0563121793263
1073,4.640504962270652,333.7942194439154
1074,6.110485581897866,172.7846022744311
1075,7.190435253187553,0
1076,6.645399842241301,0
1077,5.905461928306676,0
1078,5.365243307822409,0
1079,4.067873608418925,0
1080,3.212152995898198,0
1081,2.539241841711304,0
1082,2.105553818656382,0
1083,2.064020319748017,0
1084,1.80022072965945,0
1085,2.044138276716864,0
1086,3.188418445783623,0
1087,4.672777389002283,0
1088,5.35727400433044,172.7846022744309
1089,4.215170724052458,333.7942194439154
1090,3.93971216218651,472.0563121793263
1091,3.818000045354749,578.1485473496567
1092,3.991997571871214,644.8409144537573
1093,4.321792821301839,667.5884388878309
1094,4.191157621093087,644.8409144537573
1095,3.726330115015005,578.1485473496568
1096,4.034397669177158,472.0563121793263
1097,4.698209802659867,333.7942194439154
1098,6.190170571697894,172.7846022744311
1099,7.021649862263737,0
1100,6.986750823793241,0
1101,5.877823102826913,0
1102,5.265569773082292,0
1103,3.837176035964541,0
1104,3.141270004876904,0
1105,2.491495502443442,0
1106,2.178506592144321,0
1107,2.077597634042371,0
1108,1.789679447605033,0
1109,2.006810190546833,0
1110,3.433092865369824,0
1111,4.520863609476647,0
1112,4.984443305628082,172.7846022744309
1113,4.522582996950458,333.7942194439154
1114,4.196073943879323,472.0563121793263
1115,3.519919235244824,578.1485473496567
1116,3.900227487225243,644.8409144537573
1117,4.118573046548895,667.5884388878309
1118,3.957934261073249,644.8409144537573
1119,3.698698269545523,578.1485473496568
1120,3.997137920934889,472.0563121793263
1121,4.854099551052524,333.7942194439154
1122,6.183797753699558,172.7846022744311
1123,7.064814298526123,0
1124,6.783524219836866,0
1125,6.041941859948979,0
1126,5.031667836077147,0
1127,4.17566311558762,0
1128,3.274743016887993,0
1129,2.581304603603746,0
1130,2.259481146151109,0
1131,1.971196884914812,0
1132,1.890936067044255,0
1133,1.970331260446562,0
1134,3.290016919503266,0
1135,4.527287718707742,0
1136,4.92792772346169,172.7846022744309
1137,4.524554719856952,333.7942194439154
1138,3.91406200731854,472.0563121793263
1139,3.578685135559757,578.1485473496567
1140,3.989756796471089,644.8409144537573
1141,4.084120790283632,667.5884388878309
1142,3.974384332661802,644.8409144537573
1143,3.686228704372445,578.1485473496568
1144,4.044947701698012,472.0563121793263
1145,4.861855434958736,333.7942194439154
1146,6.14000436276459,172.7846022744311
1147,7.413310223480038,0
1148,7.184768610502216,0
1149,5.804568523307283,0
1150,4.9813310661523,0
1151,3.963636990602084,0
1152,3.347531279225101,0
1153,2.531006403079812,0
1154,2.130336705397579,0
1155,2.038679940299338,0
1156,1.8696273469168,0
1157,1.986160293790818,0
1158,3.291833330308748,0
1159,4.745031492606421,0
1160,5.266719442909619,172.7846022744309
1161,4.360093136484578,333.7942194439154
1162,3.800172515304419,472.0563121793263
1163,3.771421718513403,578.1485473496567
1164,4.060967231515703,644.8409144537573
1165,4.280325590123228,667.5884388878309
1166,3.915932984738196,644.8409144537573
1167,3.765560050830758,578.1485473496568
1168,3.808115449232583,472.0563121793263
1169,4.908316441436424,333.7942194439154
1170,6.004220024727394,172.7846022744311
1171,7.539446611068571,0
1172,7.142832690762665,0
1173,5.73073576561942,0
1174,5.125501782814489,0
1175,3.891232976145661,0
1176,3.18859955122925,0
1177,2.598712652592062,0
1178,2.275746726334984,0
1179,2.105007557022842,0
1180,1.794086210965068,0
1181,2.111413081114456,0
1182,3.170745347464436,0
1183,4.738925470018395,0
1184,5.214091542614644,172.7846022744309
1185,4.288947405386883,333.7942194439154
1186,3.987194734195523,472.0563121793263
1187,3.804236909620148,578.1485473496567
1188,4.155406491669174,644.8409144537573
1189,4.208808274010835,667.5884388878309
1190,3.837918847070753,644.8409144537573
1191,3.50912455021263,578.1485473496568
1192,4.1697987192892,472.0563121793263
1193,4.492168835704924,333.7942194439154
1194,6.066357373689875,172.7846022744311
1195,7.360885836642516,0
1196,7.222389918314854,0
1197,6.022847155002644,0
1198,5.14938820093696,0
1199,4.006642726113306,0
1200,3.384487183353536,0
1201,2.630302415519654,0
1202,2.120192166015359,0
1203,2.008611052548884,0
1204,1.879948773500691,0
1205,2.098974967269718,0
1206,3.209835095618121,0
1207,4.654597533121979,0
1208,5.319395272263998,172.7846022744309
1209,4.490592019926369,333.7942194439154
1210,4.151834340435883,472.0563121793263
1211,3.526741800319453,578.1485473496567
1212,4.164362211707726,644.8409144537573
1213,4.046457451946657,667.5884388878309
1214,3.892657868221386,644.8409144537573
1215,3.583942508122514,578.1485473496568
1216,4.158424515938108,472.0563121793263
1217,4.746179137982062,333.7942194439154
1218,6.346105339071074,172.7846022744311
1219,7.139936086557392,0
1220,6.593466617238504,0
1221,5.793004331329498,0
1222,5.241813780812163,0
1223,3.789834111462101,0
1224,3.273744025677821,0
1225,2.589834617670989,0
1226,2.142483241270375,0
1227,2.058904540926156,0
1228,1.776836768060648,0
1229,1.956470892836413,0
1230,3.108390933583676,0
1231,4.603214228477268,0
1232,5.037174478272044,172.7846022744309
1233,4.122327728292567,333.7942194439154
1234,3.902558935948029,472.0563121793263
1235,3.465239717647394,578.1485473496567
1236,4.126479325979888,644.8409144537573
1237,4.084448519784407,667.5884388878309
1238,3.784395797143483,644.8409144537573
1239,3.66891162070634,578.1485473496568
1240,3.895340001418143,472.0563121793263
1241,4.728856419831199,333.7942194439154
1242,6.392984353887893,172.7846022744311
1243,7.137899425686164,0
1244,6.659927512853662,0
1245,5.596218176834268,0
1246,4.802687563959052,0
1247,4.159632815628436,0
1248,3.368917832281225,0
1249,2.609967053117437,0
1250,2.074149049649912,0
1251,1.993994969999936,0
1252,1.771439654297609,0
1253,1.954486135122161,0
1254,3.345003644889265,0
1255,4.611699606127834,0
1256,4.881798816389868,172.7846022744309
1257,4.43308979498357,333.7942194439154
1258,3.792598294254157,472.0563121793263
1259,3.674375333913606,578.1485473496567
1260,4.021191189875458,644.8409144537573
1261,4.20234930942677,667.5884388878309
1262,3.93298720536762,644.8409144537573
1263,3.54612559044711,578.1485473496568
1264,3.774050280999776,472.0563121793263
1265,4.915863633555684,333.7942194439154
1266,6.193573828741101,172.7846022744311
1267,6.930296529300032,0
1268,6.664026131472829,0
1269,5.549152461308899,0
1270,4.801236899127099,0
1271,3.840784033999394,0
1272,3.393504399690602,0
1273,2.52551249962781,0
1274,2.179016511941467,0
1275,1.971055053853649,0
1276,1.732117148313768,0
1277,1.957780522102647,0
1278,3.389619939825872,0
1279,4.768417405121724,0
1280,5.268278181747053,172.7846022744309
1281,4.268329841126087,333.7942194439154
1282,4.145515202788901,472.0563121793263
1283,3.652794558649362,578.1485473496567
1284,3.82870611983655,644.8409144537573
1285,4.333466267464051,667.5884388878309
1286,3.974136625761742,644.8409144537573
1287,3.589120165017763,578.1485473496568
1288,3.783448292317755,472.0563121793263
1289,4.596460713749378,333.7942194439154
1290,6.128474239005386,172.7846022744311
1291,7.539420049131458,0
1292,7.01308142994377,0
1293,5.856477085934864,0
1294,5.201162866074728,0
1295,3.86238371889305,0
1296,3.305489109032322,0
1297,2.557513594584871,0
1298,2.109032213565186,0
1299,2.001100373004576,0
1300,1.742398222846134,0
1301,2.059630259273539,0
1302,3.163613117740227,0
1303,4.707214552454929,0
1304,5.245465530528286,172.7846022744309
1305,4.138533985978714,333.7942194439154
1306,3.8168309719106,472.0563121793263
1307,3.646337763701832,578.1485473496567
1308,3.788562156988101,644.8409144537573
1309,4.072361072371256,667.5884388878309
1310,4.039826077534126,644.8409144537573
1311,3.442418116973102,578.1485473496568
1312,4.043975967605857,472.0563121793263
1313,4.598660576632667,333.7942194439154
1314,6.118373797445932,172.7846022744311
1315,7.044899099191377,0
1316,7.088918329537258,0
1317,5.939088526219066,0
1318,5.072682073600313,0
1319,4.013234839924058,0
1320,3.076983404059314,0
1321,2.591974650321544,0
1322,2.249235075859233,0
1323,2.038502575518067,0
1324,1.864880188412969,0
1325,2.044961862995565,0
1326,3.289554494363401,0
1327,4.690702889430375,0
1328,5.166259695824851,172.7846022744309
1329,4.351216038079709,333.7942194439154
1330,3.849813757659875,472.0563121793263
1331,3.609124604373568,578.1485473496567
1332,4.026369016864256,644.8409144537573
1333,4.358274828270048,667.5884388878309
1334,3.963699918456796,644.8409144537573
1335,3.435520597870229,578.1485473496568
1336,4.108341935202897,472.0563121793263
1337,4.477014826764146,333.7942194439154
1338,6.013903250862206,172.7846022744311
1339,7.09046878492183,0
1340,6.484044417142019,0
1341,5.994543941074174,0
1342,5.206211832750061,0
1343,3.749749697550438,0
1344,3.241473640645099,0
1345,2.584658072577661,0
1346,2.063418205866266,0
1347,2.094509631439387,0
1348,1.726879569841976,0
1349,2.062359534705676,0
1350,3.339134540109641,0
1351,4.726162365584359,0
1352,5.058572061453082,172.7846022744309
1353,4.179615444901818,333.7942194439154
1354,3.864907223768814,472.0563121793263
1355,3.456093645777441,578.1485473496567
1356,3.743516942075391,644.8409144537573
1357,4.323873675493989,667.5884388878309
1358,4.134242723936631,644.8409144537573
1359,3.7054672204518,578.1485473496568
1360,3.889325547106008,472.0563121793263
1361,4.572863388670574,333.7942194439154
1362,6.01333126525361,172.7846022744311
1363,6.950684791237966,0
1364,6.968919314591909,0
1365,5.49321262139486,0
1366,5.157400505016896,0
1367,3.949531232657415,0
1368,3.175422974514757,0
1369,2.443076812198329,0
1370,2.096045049894546,0
1371,1.944418192985674,0
1372,1.777964943025628,0
1373,1.997571387383367,0
1374,3.315513528991043,0
1375,4.461102979499542,0
1376,4.774413306040088,172.7846022744309
1377,4.34208937349768,333.7942194439154
1378,3.976563248196042,472.0563121793263
1379,3.497412927857102,578.1485473496567
1380,3.90821928120792,644.8409144537573
1381,4.295804435643224,667.5884388878309
1382,4.054573748275573,644.8409144537573
1383,3.499879335434315,578.1485473496568
1384,3.964359313813686,472.0563121793263
1385,4.836829369351705,333.7942194439154
1386,6.130215065633678,172.7846022744311
1387,7.481125716718209,0
1388,6.63129019098579,0
1389,5.662358490288135,0
1390,4.858161154424222,0
1391,4.121701588285429,0
1392,3.159789951486179,0
1393,2.598695189469524,0
1394,2.061364876556155,0
1395,2.047253542707835,0
1396,1.723271521351914,0
1397,2.078420019851438,0
1398,3.178470116869754,0
1399,4.552472281387437,0
1400,4.79612206437567,172.7846022744309
1401,4.401304991583155,333.7942194439154
1402,3.897655173548713,472.0563121793263
1403,3.489676644737177,578.1485473496567
1404,4.008754759195098,644.8409144537573
1405,4.236055840755424,667.5884388878309
1406,3.844308447490789,644.8409144537573
1407,3.661546739021101,578.1485473496568
1408,3.838027482483893,472.0563121793263
1409,4.851157109338776,333.7942194439154
1410,6.008940353915418,172.7846022744311
1411,6.932481325036751,0
1412,6.993699022901156,0
1413,5.654495739316009,0
1414,5.106963360872227,0
1415,3.883529488454998,0
1416,3.263738929115884,0
1417,2.469084530350086,0
1418,2.194148624652579,0
1419,2.031460229702754,0
1420,1.789310788650987,0
1421,1.98327376478614,0
1422,3.292424056470333,0
1423,4.514750485848871,0
1424,4.810073107687908,145.6811352509908
1425,4.087337854011437,281.4343418840855
1426,4.090687724440055,398.0082632100203
1427,3.440455884126726,487.4585791379459
1428,3.764844294241887,543.689398461011
1429,4.27288675616677,562.8686837681712
1430,3.933944770518039,543.689398461011
1431,3.543195385481106,487.458579137946
1432,3.793010506072667,398.0082632100203
1433,4.460761390586177,281.4343418840855
1434,6.331664369979891,145.6811352509909
1435,6.889920764143356,0
1436,6.783663887597443,0
1437,5.416565666578447,0
1438,5.063274095455945,0
1439,3.88412591019731,0
1440,3.327841472592657,0
1441,2.514920802280375,0
1442,2.129902351014326,0
1443,2.019004346452738,0
1444,1.829634859464244,0
1445,1.994868686934568,0
1446,3.15281217528538,0
1447,4.393689594450649,0
1448,5.045230528368339,145.6811352509908
1449,4.264362131783226,281.4343418840855
1450,4.102728141295358,398.0082632100203
1451,3.654404038625019,487.4585791379459
1452,4.031189692053894,543.689398461011
1453,4.01231274774917,562.8686837681712
1454,3.92349250571546,543.689398461011
1455,3.638939691322683,487.458579137946
1456,4.032863237099928,398.0082632100203
1457,4.757175796540514,281.4343418840855
1458,5.808421796612723,145.6811352509909
1459,6.899091782617559,0
1460,7.013332257998695,0
1461,5.41103033793228,0
1462,4.953347248755544,0
1463,3.837276766020547,0
1464,3.191908297087599,0
1465,2.562844871028692,0
1466,2.033767095185606,0
1467,1.932014757767918,0
1468,1.815152980038585,0
1469,1.937268880331231,0
1470,3.17548265151522,0
1471,4.706377514702873,0
1472,4.996209061691592,145.6811352509908
1473,4.23775080525594,281.4343418840855
1474,3.825110055973469,398.0082632100203
1475,3.569019417103625,487.4585791379459
1476,4.090842978662932,543.689398461011
1477,4.31556326558194,562.8686837681712
1478,4.092050096726769,543.689398461011
1479,3.635617353038663,487.458579137946
1480,3.754428357678946,398.0082632100203
1481,4.66478197143665,281.4343418840855
1482,5.79517587802019,145.6811352509909
1483,7.096605947510941,0
1484,6.426464839432588,0
1485,5.528287750983595,0
1486,5.184736894837606,0
1487,4.089764201618437,0
1488,3.20057869532911,0
1489,2.480977370226679,0
1490,2.078003648973065,0
1491,1.965309722074971,0
1492,1.851807499080632,0
1493,1.942072623286537,0
1494,3.03854605625745,0
1495,4.635549328686253,0
1496,4.815268774885316,145.6811352509908
1497,4.306575474106536,281.4343418840855
1498,3.765312274243951,398.0082632100203
1499,3.387884509306639,487.4585791379459
1500,4.064330286298834,543.689398461011
1501,4.258805607103778,562.8686837681712
1502,3.707735679591726,543.689398461011
1503,3.588719971245725,487.458579137946
1504,3.74551199400306,398.0082632100203
1505,4.372576977667586,281.4343418840855
1506,6.152141485237503,145.6811352509909
1507,7.266841687098423,0
1508,6.783177974499769,0
1509,5.870195018227792,0
1510,4.865252872670192,0
1511,3.871451758119361,0
1512,3.11883847374113,0
1513,2.365885416541373,0
1514,2.175849809299834,0
1515,1.90070118895116,0
1516,1.85330184730939,0
1517,1.971000649694281,0
1518,3.048876923616572,0
1519,4.526269228753872,0
1520,5.008664700505443,145.6811352509908
1521,4.24161716756336,281.4343418840855
1522,4.001821594312699,398.0082632100203
1523,3.698109144001792,487.4585791379459
1524,4.062566264698111,543.689398461011
1525,3.920693649738356,562.8686837681712
1526,3.937288988912718,543.689398461011
1527,3.604125025092345,487.458579137946
1528,3.847806644341557,398.0082632100203
1529,4.682469417329099,281.4343418840855
1530,5.915474911116519,145.6811352509909
1531,6.733337935387756,0
1532,6.695388036243412,0
1533,5.439513329168825,0
1534,5.076859018853869,0
1535,4.054354588921113,0
1536,3.306527758563968,0
1537,2.492457427577333,0
1538,2.050580131599506,0
1539,1.966838237026546,0
1540,1.695214701428952,0
1541,1.945454077884924,0
1542,3.136256545614653,0
1543,4.745625764425431,0
1544,4.727064879080349,145.6811352509908
1545,4.195307783918498,281.4343418840855
1546,3.827095618674753,398.0082632100203
1547,3.411745648766432,487.4585791379459
1548,4.008813487574376,543.689398461011
1549,4.235859054558632,562.8686837681712
1550,3.994358682132561,543.689398461011
1551,3.399490694669581,487.458579137946
1552,3.695099060468669,398.0082632100203
1553,4.542777116052265,281.4343418840855
1554,5.798889504024502,145.6811352509909
1555,7.094579974675143,0
1556,6.684235071510814,0
1557,5.892084740550136,0
1558,4.845353838673286,0
1559,4.000741716615329,0
1560,3.23451168891198,0
1561,2.36899582155422,0
1562,2.080444505595596,0
1563,2.071041451133321,0
1564,1.811816513666709,0
1565,2.053224962069295,0
1566,3.163479012671544,0
1567,4.360408392265469,0
1568,4.709453119638465,145.6811352509908
1569,4.072167049967025,281.4343418840855
1570,4.053596357007033,398.0082632100203
1571,3.434917654910811,487.4585791379459
1572,3.842475563610213,543.689398461011
1573,4.151300927186807,562.8686837681712
1574,4.054109885201473,543.689398461011
1575,3.434664742869424,487.458579137946
1576,3.907516886346336,398.0082632100203
1577,4.44689098290077,281.4343418840855
1578,5.841523652321316,145.6811352509909
1579,6.810496093650216,0
1580,6.737175602240776,0
1581,5.349261745087138,0
1582,5.039404376934368,0
1583,3.765756340040298,0
1584,3.071716384034288,0
1585,2.479696143873001,0
1586,2.193285267736772,0
1587,1.991787726003434,0
1588,1.760166892090976,0
1589,1.98868995437196,0
1590,3.258869332551494,0
1591,4.694035485876409,0
1592,4.744837880156931,145.6811352509908
1593,4.427273340528637,281.4343418840855
1594,3.907237754360242,398.0082632100203
1595,3.675912925582572,487.4585791379459
1596,4.051569506686851,543.689398461011
1597,4.249136083977041,562.8686837681712
1598,3.71674592016715,543.689398461011
1599,3.440203221615767,487.458579137946
1600,3.916274663159895,398.0082632100203
1601,4.522470638801549,281.4343418840855
1602,6.241559150042915,145.6811352509909
1603,7.285195350263719,0
1604,6.955365172844334,0
1605,5.775517054976654,0
1606,4.910400891503499,0
1607,3.85592994068579,0
1608,3.26706076931565,0
1609,2.409079480296285,0
1610,2.090060748125029,0
1611,2.05809533005531,0
1612,1.827791209500094,0
1613,1.917451672850207,0
1614,3.068843000687147,0
1615,4.781250587897421,0
1616,4.737393207135114,145.6811352509908
1617,4.004020966150216,281.4343418840855
1618,3.850755127810678,398.0082632100203
1619,3.350134686855235,487.4585791379459
1620,3.741158133149394,543.689398461011
1621,4.103431059616248,562.8686837681712
1622,3.8995136196912,543.689398461011
1623,3.406874320884691,487.458579137946
1624,3.766348922361154,398.0082632100203
1625,4.357210616960186,281.4343418840855
1626,5.906902796535185,145.6811352509909
1627,7.335280760948856,0
1628,6.946430168856898,0
1629,5.839542655026364,0
1630,4.992003915814705,0
1631,3.802281336750335,0
1632,3.094754554403453,0
1633,2.476197108026565,0
1634,2.050001158441238,0
1635,2.035304407339751,0
1636,1.776959604582508,0
1637,1.968946979051886,0
1638,3.014725826439522,0
1639,4.470321422487259,0
1640,5.030926780674168,145.6811352509908
1641,4.332132657959558,281.4343418840855
1642,3.985523550642435,398.0082632100203
1643,3.430113134285816,487.4585791379459
1644,4.022830103711468,543.689398461011
1645,3.884718596490723,562.8686837681712
1646,3.825889574826625,543.689398461011
1647,3.545611331413637,487.458579137946
1648,3.931475870320385,398.0082632100203
1649,4.522033050740411,281.4343418840855
1650,6.129848463922949,145.6811352509909
1651,7.2432086351737,0
1652,6.947825135882949,0
1653,5.691345376723295,0
1654,4.98668557936244,0
1655,3.846159094156045,0
1656,3.204690307626184,0
1657,2.441177514874903,0
1658,2.090438415737927,0
1659,2.045106132375682,0
1660,1.729845367498441,0
1661,1.962842493110519,0
1662,3.219258161284221,0
1663,4.482480500506724,0
1664,5.034191042930146,145.6811352509908
1665,4.063565226028869,281.4343418840855
1666,3.692235317344816,398.0082632100203
1667,3.579305545812545,487.4585791379459
1668,3.676821279948033,543.689398461011
1669,4.003471122087646,562.8686837681712
1670,3.758428530028674,543.689398461011
1671,3.328119735191,487.458579137946
1672,3.92753865073366,398.0082632100203
1673,4.381502030070719,281.4343418840855
1674,6.082765896612123,145.6811352509909
1675,7.00853226958344,0
1676,6.916843028935597,0
1677,5.630862442288841,0
1678,4.768871642042585,0
1679,3.828849996766984,0
1680,3.094436502909613,0
1681,2.320036159376743,0
1682,2.076426687230989,0
1683,1.967585408836402,0
1684,1.82164375492522,0
1685,1.995242952607366,0
1686,3.047537215205002,0
1687,4.582774616207365,0
1688,4.820094195346305,145.6811352509908
1689,4.171126472606279,281.4343418840855
1690,3.893784545975851,398.0082632100203
1691,3.369520109749127,487.4585791379459
1692,3.991662840133167,543.689398461011
1693,3.97341689683501,562.8686837681712
1694,3.906037300636471,543.689398461011
1695,3.389560688975412,487.458579137946
1696,3.84425721715346,398.0082632100203
1697,4.727924877840227,281.4343418840855
1698,5.921726751559474,145.6811352509909
1699,6.648156027650463,0
1700,6.502663887187349,0
1701,5.366457058326897,0
1702,4.717904706239799,0
1703,3.90007171683126,0
1704,3.115286732835231,0
1705,2.417408917809704,0
1706,1.995398580850441,0
1707,2.037395092667626,0
1708,1.694199629236726,0
1709,2.026245648772281,0
1710,3.116715809835441,0
1711,4.416172260425545,0
1712,4.832846175463263,145.6811352509908
1713,4.009574767168904,281.4343418840855
1714,3.981871041036635,398.0082632100203
1715,3.464451461427698,487.4585791379459
1716,3.771608330600413,543.689398461011
1717,4.067351855426681,562.8686837681712
1718,4.001868894310359,543.689398461011
1719,3.326449187893147,487.458579137946
1720,3.991210643442945,398.0082632100203
1721,4.598077972744482,281.4343418840855
1722,6.062506114396563,145.6811352509909
1723,7.005175947099124,0
1724,6.650794369570986,0
1725,5.510354804914279,0
1726,4.894268295834022,0
1727,3.874700802703908,0
1728,3.210997819017249,0
1729,2.362710212835722,0
1730,2.173362758389201,0
1731,1.979297734233133,0
1732,1.698731547623959,0
1733,1.867581068228695,0
1734,3.182920705713571,0
1735,4.629447692631233,0
1736,4.82521855321816,145.6811352509908
1737,4.191393058264842,281.4343418840855
1738,3.695697991401092,398.0082632100203
1739,3.570278404693731,487.4585791379459
1740,3.87262234885515,543.689398461011
1741,3.824974711835975,562.8686837681712
1742,3.907802853592306,543.689398461011
1743,3.500593980566291,487.458579137946
1744,3.951386833405767,398.0082632100203
1745,4.730896160770337,281.4343418840855
1746,5.988438279223242,145.6811352509909
1747,6.938973727616691,0
1748,6.321348930949855,0
1749,5.719089605804764,0
1750,4.895324322129225,0
1751,3.896379451361323,0
1752,3.010777368009166,0
1753,2.504976116205167,0
1754,2.178269894686261,0
1755,1.950205279617538,0
1756,1.743442051508927,0
1757,2.009817798635412,0
1758,3.033097597584925,0
1759,4.496468784028117,0
1760,5.083896469218936,145.6811352509908
1761,4.251555787255223,281.4343418840855
1762,3.712773941009813,398.0082632100203
1763,3.575890974021899,487.4585791379459
1764,3.895830748870345,543.689398461011
1765,4.210409351233272,562.8686837681712
1766,3.64688537420669,543.689398461011
1767,3.354919760664025,487.458579137946
1768,3.892872432494308,398.0082632100203
1769,4.547942234307145,281.4343418840855
1770,5.722961439306694,145.6811352509909
1771,6.869948495551075,0
1772,6.38461227382389,0
1773,5.317011187014294,0
1774,4.665239477557559,0
1775,3.852501358518603,0
1776,3.213185098047567,0
1777,2.391124775168188,0
1778,2.108286173923047,0
1779,1.935639956026995,0
1780,1.661105905650134,0
1781,1.859230804656983,0
1782,3.012201517936624,0
1783,4.525915615752334,0
1784,4.94527967567356,145.6811352509908
1785,3.955263570257229,281.4343418840855
1786,3.757648738162378,398.0082632100203
1787,3.331543024247548,487.4585791379459
1788,3.808568727596156,543.689398461011
1789,4.156601569877068,562.8686837681712
1790,3.988879545146514,543.689398461011
1791,3.578268080381264,487.458579137946
1792,3.947411962178199,398.0082632100203
1793,4.55659895698922,281.4343418840855
1794,6.00524120167291,145.6811352509909
1795,6.664487819885271,0
1796,6.541955093372311,0
1797,5.649130212976569,0
1798,5.072223386100068,0
1799,3.771482143487272,0
1800,3.073977767065964,0
1801,2.344910164631337,0
1802,2.116999699150634,0
1803,2.017360663135308,0
1804,1.746647143339238,0
1805,1.948971031252468,0
1806,3.133740340337754,0
1807,4.554075861113779,0
1808,4.795023558035303,145.6811352509908
1809,4.344010636294668,281.4343418840855
1810,3.98088403410514,398.0082632100203
1811,3.568614063085428,487.4585791379459
1812,3.928384683988239,543.689398461011
1813,3.868241211773547,562.8686837681712
1814,3.95938198711383,543.689398461011
1815,3.418002475432422,487.458579137946
1816,3.757320237750528,398.0082632100203
1817,4.670239330177572,281.4343418840855
1818,5.899836120200423,145.6811352509909
1819,7.031375882811719,0
1820,6.244857007418237,0
1821,5.301245683354719,0
1822,4.949722119531193,0
1823,3.805815502352152,0
1824,3.209940847467307,0
1825,2.451476095450551,0
1826,2.135774171534638,0
1827,1.930032318993144,0
1828,1.658994683841087,0
1829,1.953654201932383,0
1830,2.954636061700938,0
1831,4.420780337786745,0
1832,4.84113752236429,145.6811352509908
1833,4.209521597635361,281.4343418840855
1834,3.752766848575423,398.0082632100203
1835,3.515563026697831,487.4585791379459
1836,3.800144435637464,543.689398461011
1837,3.917576617126821,562.8686837681712
1838,3.94895709489135,543.689398461011
1839,3.364091735096805,487.458579137946
1840,3.725064085479665,398.0082632100203
1841,4.527241938820008,281.4343418840855
1842,5.658050830540827,145.6811352509909
1843,6.91125471068322,0
1844,6.315147997104401,0
1845,5.335039732554787,0
1846,4.926215331758145,0
1847,3.691493306245251,0
1848,3.219304596002507,0
1849,2.409595821296331,0
1850,2.029661821755723,0
1851,1.942200057101525,0
1852,1.658341014175033,0
1853,1.902870324247444,0
1854,3.035736392069565,0
1855,4.671907585776444,0
1856,4.997400270408218,145.6811352509908
1857,4.017578041680705,281.4343418840855
1858,3.923250623919129,398.0082632100203
1859,3.599491372341187,487.4585791379459
1860,3.640030857450093,543.689398461011
1861,3.995523748897357,562.8686837681712
1862,3.874848668819388,543.689398461011
1863,3.465463267012249,487.458579137946
1864,3.910294253234064,398.0082632100203
1865,4.683108193172113,281.4343418840855
1866,6.11087583530055,145.6811352509909
1867,6.934290689992532,0
1868,6.674464421500494,0
1869,5.436685592686586,0
1870,4.668644555219993,0
1871,3.60567647197784,0
1872,3.160563830815974,0
1873,2.441396253163571,0
1874,2.055235824903824,0
1875,1.847448690179264,0
1876,1.713850869786791,0
1877,1.84432339633695,0
1878,3.168665909840726,0
1879,4.343394865922849,0
1880,4.909599481162041,145.6811352509908
1881,3.935827997069231,281.4343418840855
1882,3.820974389308808,398.0082632100203
1883,3.533050108885605,487.4585791379459
1884,3.94895472951888,543.689398461011
1885,4.053665272330019,562.8686837681712
1886,3.767990532624047,543.689398461011
1887,3.372600275677601,487.458579137946
1888,3.800721749073741,398.0082632100203
1889,4.547377851730858,281.4343418840855
1890,6.052281032486547,145.6811352509909
1891,6.644942609667068,0
1892,6.345489426707519,0
1893,5.529522970553513,0
1894,4.597773578450744,0
1895,3.872284997331455,0
1896,2.965569627290118,0
1897,2.328150825655017,0
1898,2.005966833406841,0
1899,1.889453152242718,0
1900,1.624814172973245,0
1901,1.908495119109876,0
1902,2.945324319367738,0
1903,4.528589963758002,0
1904,4.883819733539826,145.6811352509908
1905,4.094980405905617,281.4343418840855
1906,3.684061325279252,398.0082632100203
1907,3.405533327791272,487.4585791379459
1908,3.6336194138806,543.689398461011
1909,4.042362088465229,562.8686837681712
1910,3.706240554367368,543.689398461011
1911,3.35520882781922,487.458579137946
1912,3.649265720984264,398.0082632100203
1913,4.661080820924934,281.4343418840855
1914,5.811087445841461,145.6811352509909
1915,6.760771172787064,0
1916,6.653348575753882,0
1917,5.340675605086545,0
1918,4.560602943803966,0
1919,3.74329275977078,0
1920,3.046082240115125,0
1921,2.450494851188202,0
1922,2.076892198906428,0
1923,1.901691832786732,0
1924,1.739944478874302,0
1925,1.947274043100062,0
1926,2.929396738837373,0
1927,4.286469899516567,0
1928,4.965697253613491,145.6811352509908
1929,4.029582483071796,281.4343418840855
1930,3.593563966589158,398.0082632100203
1931,3.445269821121996,487.4585791379459
1932,3.734955433193949,543.689398461011
1933,3.898690039771054,562.8686837681712
1934,3.809895231140448,543.689398461011
1935,3.385721582585272,487.458579137946
1936,3.907511741777763,398.0082632100203
1937,4.635642729497246,281.4343418840855
1938,6.070789422215154,145.6811352509909
1939,6.579705979985906,0
1940,6.266036238355185,0
1941,5.590408403363757,0
1942,4.962374645991048,0
1943,3.81099078765705,0
1944,2.960958154036932,0
1945,2.489838643903317,0
1946,2.09235271821989,0
1947,1.970811887940501,0
1948,1.651625514622312,0
1949,1.909565602696297,0
1950,3.140707755029471,0
1951,4.593321271501575,0
1952,4.868208571521476,145.6811352509908
1953,4.162115411436396,281.4343418840855
1954,3.693098049449832,398.0082632100203
1955,3.542271431659138,487.4585791379459
1956,3.725699591439283,543.689398461011
1957,4.015137351641048,562.8686837681712
1958,3.889048408524058,543.689398461011
1959,3.427343705038484,487.458579137946
1960,3.596657212694988,398.0082632100203
1961,4.636835509680412,281.4343418840855
1962,6.034808422899518,145.6811352509909
1963,6.654462874314693,0
1964,6.75344138621442,0
1965,5.594710467602194,0
1966,4.790774902060575,0
1967,3.737455796844301,0
1968,2.941430132796505,0
1969,2.445495106783424,0
1970,2.10000257155268,0
1971,1.813884325829713,0
1972,1.698919742264627,0
1973,1.952271648784167,0
1974,3.100418506171699,0
1975,4.319281025409657,0
1976,4.970757324397584,145.6811352509908
1977,4.072484610014273,281.4343418840855
1978,3.602975377684075,398.0082632100203
1979,3.478975759539209,487.4585791379459
1980,3.670095149909736,543.689398461011
1981,3.768210673440364,562.8686837681712
1982,3.843920536872741,543.689398461011
1983,3.542779612245064,487.458579137946
1984,3.75157728172552,398.0082632100203
1985,4.339746654799263,281.4343418840855
1986,5.535699654985189,145.6811352509909
1987,6.567294700718073,0
1988,6.275270213148122,0
1989,5.513977393597236,0
1990,4.576105161149561,0
1991,3.870003021198306,0
1992,3.182486994338557,0
1993,2.390952931433606,0
1994,2.133120607432064,0
1995,1.955290650782128,0
1996,1.6836725421894,0
1997,1.880739171648498,0
1998,3.053782299037911,0
1999,4.479020310742558,0
2000,4.615953136988405,145.6811352509908
2001,3.943100223931001,281.4343418840855
2002,3.646525676831214,398.0082632100203
2003,3.378057434905053,487.4585791379459
2004,3.577687596616502,543.689398461011
2005,4.030267433397619,562.8686837681712
2006,3.655908857521524,543.689398461011
2007,3.333443418655719,487.458579137946
2008,3.846855112069266,398.0082632100203
2009,4.382570239594619,281.4343418840855
2010,5.794185624020743,145.6811352509909
2011,6.761837250353729,0
2012,6.477396654267777,0
2013,5.533433672228603,0
2014,4.86242972370159,0
2015,3.545814553066351,0
2016,3.02476611119326,0
2017,2.257341171774728,0
2018,2.11332862889935,0
2019,1.88028371566152,0
2020,1.670845691739935,0
2021,1.815883021782553,0
2022,3.017180894923998,0
2023,4.279963352775888,0
2024,4.786634886085221,145.6811352509908
2025,4.194198734095573,281.4343418840855
2026,3.621541811533429,398.0082632100203
2027,3.224614271797471,487.4585791379459
2028,3.623089054056736,543.689398461011
2029,4.092258031864227,562.8686837681712
2030,3.546325245642562,543.689398461011
2031,3.498858328641229,487.458579137946
2032,3.875910550335636,398.0082632100203
2033,4.332680024802841,281.4343418840855
2034,5.850353148606506,145.6811352509909
2035,6.480867912908471,0
2036,6.407730001907442,0
2037,5.154370139978078,0
2038,4.860551612714795,0
2039,3.666041881933304,0
2040,3.118250814137626,0
2041,2.32586027337483,0
2042,2.094510554037874,0
2043,1.799575052496009,0
2044,1.647000400462495,0
2045,1.885124479967724,0
2046,3.146158342830586,0
2047,4.45235127666729,0
2048,4.783107084454541,145.6811352509908
2049,3.940866524267625,281.4343418840855
2050,3.875051921243312,398.0082632100203
2051,3.461178943080079,487.4585791379459
2052,3.622369299111509,543.689398461011
2053,3.852639680010495,562.8686837681712
2054,3.865276296533489,543.689398461011
2055,3.456772377508234,487.458579137946
2056,3.670386318725804,398.0082632100203
2057,4.350296296715514,281.4343418840855
2058,5.791035023150505,145.6811352509909
2059,6.416011167438429,0
2060,6.656812733459163,0
2061,5.18749929150974,0
2062,4.57239464731475,0
2063,3.670333191550835,0
2064,3.085899970544622,0
2065,2.386767177351261,0
2066,2.099518975259135,0
2067,1.892222810834414,0
2068,1.707164734438876,0
2069,1.935689783426728,0
2070,3.082377312512576,0
2071,4.310131501087056,0
2072,4.570152964026606,145.6811352509908
2073,4.182451340435761,281.4343418840855
2074,3.589484455569485,398.0082632100203
2075,3.220955297782424,487.4585791379459
2076,3.565677985724607,543.689398461011
2077,3.827907945173664,562.8686837681712
2078,3.850012900764039,543.689398461011
2079,3.216829120924518,487.458579137946
2080,3.654277959690596,398.0082632100203
2081,4.167887002793682,281.4343418840855
2082,5.88943689044634,145.6811352509909
2083,6.686735055445556,0
2084,6.153452986117774,0
2085,5.527598026463457,0
2086,4.894220155526273,0
2087,3.700646772888087,0
2088,3.044447935284501,0
2089,2.306684484980842,0
2090,2.075655181213227,0
2091,1.944835002359245,0
2092,1.690472943641465,0
2093,1.818380023187629,0
2094,3.028857591800038,0
2095,4.204185437814308,0
2096,4.732781116847377,145.6811352509908
2097,3.877720703947801,281.4343418840855
2098,3.59579265162902,398.0082632100203
2099,3.22947511819261,487.4585791379459
2100,3.791761762147425,543.689398461011
2101,3.69979056353033,562.8686837681712
2102,3.846720056434493,543.689398461011
2103,3.417237039167376,487.458579137946
2104,3.754376285870485,398.0082632100203
2105,4.364623169461163,281.4343418840855
2106,5.614871202421004,145.6811352509909
2107,7.013694815024487,0
2108,6.150935431493064,0
2109,5.130608497254086,0
2110,4.490244358570859,0
2111,3.812306431812238,0
2112,2.86869938498857,0
2113,2.452126542285928,0
2114,2.015172924846161,0
2115,1.893005102592342,0
2116,1.656764464291991,0
2117,1.830833306406352,0
2118,3.10883139260243,0
2119,4.344408490112897,0
2120,4.874599409784234,145.6811352509908
2121,3.871071893792466,281.4343418840855
2122,3.716412415366708,398.0082632100203
2123,3.455831489127031,487.4585791379459
2124,3.730865932196566,543.689398461011
2125,3.711789667046634,562.8686837681712
2126,3.523875952565908,543.689398461011
2127,3.36512225125378,487.458579137946
2128,3.566253782783548,398.0082632100203
2129,4.444837087810097,281.4343418840855
2130,5.414721293817213,145.6811352509909
2131,6.831308192043497,0
2132,6.271280341805818,0
2133,5.169687891311306,0
2134,4.456055147727612,0
2135,3.576653708365353,0
2136,3.076697945036917,0
2137,2.384367658320393,0
2138,1.961943483272071,0
2139,1.807326549632759,0
2140,1.639779997578376,0
2141,1.856502948795733,0
2142,3.051815843405759,0
2143,4.527696189903917,0
2144,4.870589600271352,145.6811352509908
2145,4.192853205700021,281.4343418840855
2146,3.602130095359399,398.0082632100203
2147,3.303514233339263,487.4585791379459
2148,3.769716634307299,543.689398461011
2149,3.919447917948755,562.8686837681712
2150,3.736593217940599,543.689398461011
2151,3.333910640774561,487.458579137946
2152,3.492192407049433,398.0082632100203
2153,4.319491190805747,281.4343418840855
2154,5.403326391289393,145.6811352509909
2155,6.720450508836562,0
2156,6.040275392157262,0
2157,5.495908452657801,0
2158,4.48429983128296,0
2159,3.512532166109471,0
2160,3.037608018941753,0
2161,2.393838697525,0
2162,1.934062825311759,0
2163,1.933514423419781,0
2164,1.699182418568202,0
2165,1.9418646343674,0
2166,2.994148782304484,0
2167,4.480324805696374,0
2168,4.710631547533485,111.8018014716906
2169,3.866216547806059,215.9844949342983
2170,3.53085943210999,305.4482019983877
2171,3.315412781225045,374.0961188733074
2172,3.734622676379378,417.2500034700783
2173,4.051648242865348,431.9689898685966
2174,3.833218970514771,417.2500034700783
2175,3.253000960786517,374.0961188733074
2176,3.536391521804417,305.4482019983877
2177,4.21940875192152,215.9844949342983
2178,5.817585094567285,111.8018014716907
2179,6.358846790161166,0
2180,6.487812956926971,0
2181,5.180393996655231,0
2182,4.77973527443414,0
2183,3.506724087454216,0
2184,2.924389513465126,0
2185,2.246664517160228,0
2186,2.046136207205711,0
2187,1.798318684731243,0
2188,1.595405900778532,0
2189,1.780033083673539,0
2190,2.916185800144237,0
2191,4.189729662294045,0
2192,4.779786787135113,111.8018014716906
2193,3.997314976585377,215.9844949342983
2194,3.494364844898129,305.4482019983877
2195,3.465633592729883,374.0961188733074
2196,3.507665306426155,417.2500034700783
2197,3.775823628532775,431.9689898685966
2198,3.586112743143191,417.2500034700783
2199,3.168550400524738,374.0961188733074
2200,3.614596136673342,305.4482019983877
2201,4.368582404515337,215.9844949342983
2202,5.836716502344665,111.8018014716907
2203,6.882790109047594,0
2204,6.182916275293738,0
2205,5.399821152861111,0
2206,4.750752216309089,0
2207,3.631998327909912,0
2208,3.028220102966353,0
2209,2.433343048558846,0
2210,1.949113396447881,0
2211,1.796929727676634,0
2212,1.705204082952291,0
2213,1.795946188759442,0
2214,3.039295076505435,0
2215,4.183410839656527,0
2216,4.707528516289799,111.8018014716906
2217,3.965934977362302,215.9844949342983
2218,3.534747427158101,305.4482019983877
2219,3.210051067834215,374.0961188733074
2220,3.793262100174426,417.2500034700783
2221,3.864046324258344,431.9689898685966
2222,3.632216994858206,417.2500034700783
2223,3.440171898611298,374.0961188733074
2224,3.811866210474533,305.4482019983877
2225,4.381618112140454,215.9844949342983
2226,5.853725985839639,111.8018014716907
2227,6.584345733988747,0
2228,6.587347787558849,0
2229,5.156775858842165,0
2230,4.505044212692634,0
2231,3.516891026789369,0
2232,2.928025990171764,0
2233,2.240994109419512,0
2234,1.973886487103797,0
2235,1.816619208150549,0
2236,1.593465848068952,0
2237,1.796641481195655,0
2238,2.936815840974653,0
2239,4.487231624607998,0
2240,4.671848084786919,111.8018014716906
2241,3.921695552166069,215.9844949342983
2242,3.728361203894791,305.4482019983877
2243,3.2107337645037,374.0961188733074
2244,3.484578296481681,417.2500034700783
2245,3.874758899090982,431.9689898685966
2246,3.666171316294053,417.2500034700783
2247,3.448256653393434,374.0961188733074
2248,3.745771636034629,305.4482019983877
2249,4.381067560589675,215.9844949342983
2250,5.504986882082828,111.8018014716907
2251,6.664608424685504,0
2252,6.118701091065251,0
2253,5.399951044668551,0
2254,4.543516992484868,0
2255,3.463856954659539,0
2256,2.857889745755496,0
2257,2.249317296513263,0
2258,2.073996883281509,0
2259,1.875936984278251,0
2260,1.667306803290244,0
2261,1.814587717164012,0
2262,3.077283655353399,0
2263,4.328156252483626,0
2264,4.53114329359912,111.8018014716906
2265,3.858241268527569,215.9844949342983
2266,3.57181819709723,305.4482019983877
2267,3.362056836265137,374.0961188733074
2268,3.602206439394528,417.2500034700783
2269,3.936292624351315,431.9689898685966
2270,3.705516586192767,417.2500034700783
2271,3.322499426814201,374.0961188733074
2272,3.564145140737961,305.4482019983877
2273,4.153343041661082,215.9844949342983
2274,5.750649515185848,111.8018014716907
2275,6.325867366536093,0
2276,6.102721603735788,0
2277,5.45473662711334,0
2278,4.489109324079822,0
2279,3.587862447249745,0
2280,3.02975911317751,0
2281,2.398902380035727,0
2282,2.032279935634805,0
2283,1.777572618679953,0
2284,1.638982406158177,0
2285,1.823501692282484,0
2286,2.917504630477842,0
2287,4.374039335178496,0
2288,4.665538325843092,111.8018014716906
2289,3.773812272471901,215.9844949342983
2290,3.654525896240086,305.4482019983877
2291,3.137107630082589,374.0961188733074
2292,3.571562452632914,417.2500034700783
2293,3.886340308824023,431.9689898685966
2294,3.605115015986185,417.2500034700783
2295,3.346078671915231,374.0961188733074
2296,3.55886130643561,305.4482019983877
2297,4.111135254402003,215.9844949342983
2298,5.44138682764333,111.8018014716907
2299,6.648475192010921,0
2300,6.467551570673147,0
2301,5.524416595224356,0
2302,4.670836951348216,0
2303,3.786592991492934,0
2304,2.840060431562368,0
2305,2.316518386882762,0
2306,1.990288027817584,0
2307,1.830370443113998,0
2308,1.711508248464233,0
2309,1.900172485749653,0
2310,3.101969827425477,0
2311,4.223978083000548,0
2312,4.82926749031908,111.8018014716906
2313,3.961627099665848,215.9844949342983
2314,3.493776413084856,305.4482019983877
2315,3.449448952081641,374.0961188733074
2316,3.648045638550302,417.2500034700783
2317,3.865822731158776,431.9689898685966
2318,3.772161674413782,417.2500034700783
2319,3.308551315778859,374.0961188733074
2320,3.440610965500393,305.4482019983877
2321,4.470584995216433,215.9844949342983
2322,5.690720630834673,111.8018014716907
2323,6.60050582467152,0
2324,6.112993591253837,0
2325,5.152633509606044,0
2326,4.648397304331826,0
2327,3.608052122268788,0
2328,2.825373215135174,0
2329,2.336544545553603,0
2330,1.945553369583894,0
2331,1.860703820685855,0
2332,1.653059401622034,0
2333,1.879390782347934,0
2334,2.992057504499669,0
2335,4.134834996084006,0
2336,4.728049825967767,111.8018014716906
2337,3.824968184759701,215.9844949342983
2338,3.579572663010531,305.4482019983877
2339,3.389125126774859,374.0961188733074
2340,3.673194267074202,417.2500034700783
2341,3.770438530561051,431.9689898685966
2342,3.614198964603166,417.2500034700783
2343,3.230653954469091,374.0961188733074
2344,3.566119686374664,305.4482019983877
2345,4.184880942061523,215.9844949342983
2346,5.845037203010454,111.8018014716907
2347,6.511633244589419,0
2348,6.352560839628827,0
2349,5.176128302899158,0
2350,4.687141789033972,0
2351,3.55938869045767,0
2352,2.954243898053788,0
2353,2.200987039859988,0
2354,2.018441160083604,0
2355,1.885713185013232,0
2356,1.710341098820052,0
2357,1.92126413847856,0
2358,3.055276343712258,0
2359,4.050984574678256,0
2360,4.410641681253447,111.8018014716906
2361,4.06911746863214,215.9844949342983
2362,3.598018053855289,305.4482019983877
2363,3.422680440294375,374.0961188733074
2364,3.633571209302601,417.2500034700783
2365,3.818562233603099,431.9689898685966
2366,3.491290200058698,417.2500034700783
2367,3.187927347872304,374.0961188733074
2368,3.763141236868444,305.4482019983877
2369,4.12020976724834,215.9844949342983
2370,5.779504862602749,111.8018014716907
2371,6.599619221273554,0
2372,6.354250389910663,0
2373,5.009217943497562,0
2374,4.760997716377553,0
2375,3.439434659254246,0
2376,2.883154885614235,0
2377,2.384813851284912,0
2378,1.986881097266035,0
2379,1.8584774142746,0
2380,1.707050511089359,0
2381,1.82374487614375,0
2382,3.030115358358379,0
2383,4.442283740537841,0
2384,4.397186912743599,111.8018014716906
2385,3.79320177835629,215.9844949342983
2386,3.547504201914049,305.4482019983877
2387,3.285467755802316,374.0961188733074
2388,3.454528317175774,417.2500034700783
2389,3.864851648132694,431.9689898685966
2390,3.455373524857744,417.2500034700783
2391,3.34006837250768,374.0961188733074
2392,3.71419991481247,305.4482019983877
2393,4.088855289294624,215.9844949342983
2394,5.718742036444071,111.8018014716907
2395,6.714583144075394,0
2396,5.93660279931634,0
2397,5.234319969512113,0
2398,4.549041460987381,0
2399,3.713098951055263,0
2400,2.881319689624154,0
2401,2.202618265959843,0
2402,2.019334113906736,0
2403,1.752082705427864,0
2404,1.69049390514624,0
2405,1.742073123099898,0
2406,2.896825911515285,0
2407,4.232612528622396,0
2408,4.383225709398837,111.8018014716906
2409,3.745206871166158,215.9844949342983
2410,3.741019119433449,305.4482019983877
2411,3.393531605465241,374.0961188733074
2412,3.688536807317329,417.2500034700783
2413,3.687109470976051,431.9689898685966
2414,3.756594498985091,417.2500034700783
2415,3.274914248523648,374.0961188733074
2416,3.608019936130855,305.4482019983877
2417,4.181934421647031,215.9844949342983
2418,5.407023927538817,111.8018014716907
2419,6.391971612898992,0
2420,6.119343853087107,0
2421,5.462086803061156,0
2422,4.597333224581793,0
2423,3.553492730098483,0
2424,2.984141871247602,0
2425,2.215667787777022,0
2426,1.968797973074564,0
2427,1.768440043495463,0
2428,1.637492072606092,0
2429,1.893834953773972,0
2430,2.838453067615275,0
2431,4.311897555666485,0
2432,4.65891418179412,111.8018014716906
2433,3.802620714354245,215.9844949342983
2434,3.703030892482097,305.4482019983877
2435,3.378578663592773,374.0961188733074
2436,3.448967003221242,417.2500034700783
2437,3.650513332559406,431.9689898685966
2438,3.640963594496796,417.2500034700783
2439,3.398735947743784,374.0961188733074
2440,3.712082785118632,305.4482019983877
2441,4.191619872081021,215.9844949342983
2442,5.659191099750494,111.8018014716907
2443,6.420105997873425,0
2444,6.073087183775334,0
2445,5.33845706889398,0
2446,4.579252169983822,0
2447,3.402462502976608,0
2448,2.87279250607686,0
2449,2.287167098215098,0
2450,1.852039929360548,0
2451,1.869121221802781,0
2452,1.560487201411066,0
2453,1.764611864972258,0
2454,3.017287539739769,0
2455,4.170234833255724,0
2456,4.701709125271771,111.8018014716906
2457,3.858152370277475,215.9844949342983
2458,3.692922240541522,305.4482019983877
2459,3.11422713188136,374.0961188733074
2460,3.4510584349143,417.2500034700783
2461,3.653645201471729,431.9689898685966
2462,3.403458401963174,417.2500034700783
2463,3.384193339549822,374.0961188733074
2464,3.712932589177647,305.4482019983877
2465,4.032648547223044,215.9844949342983
2466,5.487447147996929,111.8018014716907
2467,6.406439523449551,0
2468,6.373204400737056,0
2469,4.999341437149948,0
2470,4.693112669944846,0
2471,3.703117650062282,0
2472,2.951890129154271,0
2473,2.263764456360487,0
2474,1.945117659394048,0
2475,1.819417434198498,0
2476,1.570077914498198,0
2477,1.797302639146266,0
2478,3.026409444730502,0
2479,4.117141872247834,0
2480,4.681875831040869,111.8018014716906
2481,3.781420553199394,215.9844949342983
2482,3.554394984437063,305.4482019983877
2483,3.095081310390187,374.0961188733074
2484,3.488056143315139,417.2500034700783
2485,3.878263517916472,431.9689898685966
2486,3.712975825108958,417.2500034700783
2487,3.204844795294648,374.0961188733074
2488,3.616923004953285,305.4482019983877
2489,4.323480729376842,215.9844949342983
2490,5.597070073125348,111.8018014716907
2491,6.708264497988061,0
2492,6.093007978719944,0
2493,5.077762916809238,0
2494,4.429061269577314,0
2495,3.679100407127226,0
2496,2.933073734791665,0
2497,2.237311464344888,0
2498,1.874235653620274,0
2499,1.783896183299963,0
2500,1.650058071572249,0
2501,1.794474836223384,0
2502,2.921682678156703,0
2503,4.059282228824118,0
2504,4.581353704233368,111.8018014716906
2505,3.774005759652975,215.9844949342983
2506,3.579264533460123,305.4482019983877
2507,3.281436433195584,374.0961188733074
2508,3.560312636866104,417.2500034700783
2509,3.84550239555923,431.9689898685966
2510,3.538760237132651,417.2500034700783
2511,3.252673473721055,374.0961188733074
2512,3.592665546645863,305.4482019983877
2513,4.28885915218102,215.9844949342983
2514,5.644824256174066,111.8018014716907
2515,6.318720022073379,0
2516,6.392005268046113,0
2517,5.395386486817836,0
2518,4.449848893589208,0
2519,3.663912071512443,0
2520,3.031708713265642,0
2521,2.272613298036386,0
2522,1.987712828972115,0
2523,1.847602153731861,0
2524,1.670390665038504,0
2525,1.739292679229018,0
2526,2.950792039973393,0
2527,4.198858557924163,0
2528,4.593873860285972,111.8018014716906
2529,3.831727858906489,215.9844949342983
2530,3.676791775847114,305.4482019983877
2531,3.059384496335345,374.0961188733074
2532,3.380629090260678,417.2500034700783
2533,3.887211593264913,431.9689898685966
2534,3.514849578738739,417.2500034700783
2535,3.370742948924965,374.0961188733074
2536,3.448644818822221,305.4482019983877
2537,4.064810993045852,215.9844949342983
2538,5.459364682313809,111.8018014716907
2539,6.450376537056783,0
2540,6.31712276691237,0
2541,4.988792251761277,0
2542,4.715894611669301,0
2543,3.362415999064811,0
2544,2.856749786853905,0
2545,2.201819718017298,0
2546,1.861331215343002,0
2547,1.831721377948904,0
2548,1.662180647672093,0
2549,1.728189058534492,0
2550,2.824540096066496,0
2551,4.251818547380113,0
2552,4.619975545929394,111.8018014716906
2553,3.759615125669158,215.9844949342983
2554,3.613627074336266,305.4482019983877
2555,3.120012750877542,374.0961188733074
2556,3.48281152873512,417.2500034700783
2557,3.690707992500472,431.9689898685966
2558,3.617967826170677,417.2500034700783
2559,3.366705567892057,374.0961188733074
2560,3.686344016348849,305.4482019983877
2561,4.317881615337105,215.9844949342983
2562,5.654233320953931,111.8018014716907
2563,6.363012545401823,0
2564,6.013943093127697,0
2565,5.138150723978599,0
2566,4.580375989643081,0
2567,3.52513638861357,0
2568,2.920413499667399,0
2569,2.159311067989757,0
2570,2.001370167867545,0
2571,1.785118135127213,0
2572,1.681127881732972,0
2573,1.777684939453757,0
2574,2.863788442686346,0
2575,4.080973238783302,0
2576,4.332055015871372,111.8018014716906
2577,3.937914272958577,215.9844949342983
2578,3.684405683397145,305.4482019983877
2579,3.316724905703949,374.0961188733074
2580,3.438183282068771,417.2500034700783
2581,3.582505971049364,431.9689898685966
2582,3.499235747843814,417.2500034700783
2583,3.054238253413255,374.0961188733074
2584,3.435076874110067,305.4482019983877
2585,4.058910770279353,215.9844949342983
2586,5.303710937091436,111.8018014716907
2587,6.572831548745832,0
2588,5.780457062238341,0
2589,4.978878992500523,0
2590,4.592975430471792,0
2591,3.396279699266206,0
2592,2.995977042110771,0
2593,2.275893428145386,0
2594,1.882947514922575,0
2595,1.809256976384146,0
2596,1.54206241365555,0
2597,1.797768823750691,0
2598,2.745472888901487,0
2599,4.118148333651557,0
2600,4.46408616019367,111.8018014716906
2601,3.648769992224009,215.9844949342983
2602,3.455278351874651,305.4482019983877
2603,3.083139669629697,374.0961188733074
2604,3.444932685451151,417.2500034700783
2605,3.836742797408561,431.9689898685966
2606,3.457718101394958,417.2500034700783
2607,3.035380542091592,374.0961188733074
2608,3.532775739967998,305.4482019983877
2609,4.085289675133646,215.9844949342983
2610,5.170239434456628,111.8018014716907
2611,6.429016617784963,0
2612,5.771827993831811,0
2613,5.076527726114572,0
2614,4.379115510071466,0
2615,3.541653649214263,0
2616,2.755845886988737,0
2617,2.283824458489745,0
2618,1.929458357877314,0
2619,1.76503762676616,0
2620,1.570039452404864,0
2621,1.732626031926112,0
2622,2.907188827782219,0
2623,4.242309603173234,0
2624,4.273828095322354,111.8018014716906
2625,3.917769559272855,215.9844949342983
2626,3.429374231550417,305.4482019983877
2627,3.221227732213235,374.0961188733074
2628,3.365338577626612,417.2500034700783
2629,3.550114010989475,431.9689898685966
2630,3.353558651753997,417.2500034700783
2631,3.036541894152101,374.0961188733074
2632,3.392303547925215,305.4482019983877
2633,4.116523085692313,215.9844949342983
2634,5.234835398021191,111.8018014716907
2635,6.430202777977575,0
2636,6.052529140552364,0
2637,5.135669855721851,0
2638,4.419874376498459,0
2639,3.643186809876822,0
2640,2.747518376544743,0
2641,2.324403189376375,0
2642,1.940250999585146,0
2643,1.857376076740208,0
2644,1.586893963573318,0
2645,1.846768457434934,0
2646,2.895808610900058,0
2647,4.296331728282264,0
2648,4.542307903868026,111.8018014716906
2649,3.83595944144971,215.9844949342983
2650,3.641502801137389,305.4482019983877
2651,3.175765800860725,374.0961188733074
2652,3.434102168958952,417.2500034700783
2653,3.82132172045252,431.9689898685966
2654,3.401072972755836,417.2500034700783
2655,3.18104407984706,374.0961188733074
2656,3.556605326723141,305.4482019983877
2657,3.959999002032154,215.9844949342983
2658,5.600990620026928,111.8018014716907
2659,6.301643954363848,0
2660,6.191168786005705,0
2661,4.967157658337572,0
2662,4.647140896463129,0
2663,3.420401150366295,0
2664,2.749648918465737,0
2665,2.323583655626749,0
2666,1.895995697699968,0
2667,1.85887357195935,0
2668,1.632385824030704,0
2669,1.828343771024584,0
2670,2.779149382766334,0
2671,4.037815750304878,0
2672,4.618665092316632,111.8018014716906
2673,3.638604927594912,215.9844949342983
2674,3.611645758981499,305.4482019983877
2675,3.175639646720485,374.0961188733074
2676,3.525742977211515,417.2500034700783
2677,3.740510142612361,431.9689898685966
2678,3.420088832806361,417.2500034700783
2679,3.160516391836038,374.0961188733074
2680,3.501264658272603,305.4482019983877
2681,3.918296566647193,215.9844949342983
2682,5.308912993989133,111.8018014716907
2683,6.14720138578472,0
2684,5.939806024580753,0
2685,5.07088335613131,0
2686,4.369749510620915,0
2687,3.363219928097579,0
2688,2.920371247645675,0
2689,2.214094233799486,0
2690,1.970371966760997,0
2691,1.740750814953189,0
2692,1.555063046618709,0
2693,1.800243873624435,0
2694,2.945697541016093,0
2695,4.245001317658226,0
2696,4.604768152207277,111.8018014716906
2697,3.886831954047973,215.9844949342983
2698,3.316974049628362,305.4482019983877
2699,3.321165966384326,374.0961188733074
2700,3.44656757182886,417.2500034700783
2701,3.724896707732608,431.9689898685966
2702,3.464312659449921,417.2500034700783
2703,3.077110855625406,374.0961188733074
2704,3.585325345571181,305.4482019983877
2705,4.045967701427141,215.9844949342983
2706,5.371812577556796,111.8018014716907
2707,6.18953081759039,0
2708,6.080267417802135,0
2709,4.837917892420444,0
2710,4.507465745646826,0
2711,3.539746430779511,0
2712,2.946996685905138,0
2713,2.148789696974993,0
2714,1.951305388196692,0
2715,1.843004218443385,0
2716,1.550275150103966,0
2717,1.81294519422889,0
2718,2.830132808193642,0
2719,4.087819365796643,0
2720,4.525572428096075,111.8018014716906
2721,3.848902645024726,215.9844949342983
2722,3.307004219366701,305.4482019983877
2723,3.284508323989481,374.0961188733074
2724,3.415454985262913,417.2500034700783
2725,3.495414751739284,431.9689898685966
2726,3.624389266279541,417.2500034700783
2727,3.106893717784202,374.0961188733074
2728,3.528291136333933,305.4482019983877
2729,3.968649261744645,215.9844949342983
2730,5.389260564673079,111.8018014716907
2731,6.452829796077846,0
2732,6.192537837545855,0
2733,5.101838311017906,0
2734,4.483036671404309,0
2735,3.600080683861885,0
2736,2.957845349654234,0
2737,2.122941788164276,0
2738,1.933307799291179,0
2739,1.742112006539444,0
2740,1.533739977001525,0
2741,1.683928457521817,0
2742,2.767210903021605,0
2743,4.17918433324175,0
2744,4.293782019707005,111.8018014716906
2745,3.610377608855956,215.9844949342983
2746,3.608434683745622,305.4482019983877
2747,3.040141309633642,374.0961188733074
2748,3.602888381295285,417.2500034700783
2749,3.783064453686206,431.9689898685966
2750,3.313525576703413,417.2500034700783
2751,3.280407954132408,374.0961188733074
2752,3.456806759891794,305.4482019983877
2753,4.197503478446551,215.9844949342983
2754,5.420226532837334,111.8018014716907
2755,6.478829694612112,0
2756,5.815219895939436,0
2757,5.249924897370328,0
2758,4.210286755915704,0
2759,3.513004260094395,0
2760,2.819962102790474,0
2761,2.25240631160052,0
2762,1.856809117646793,0
2763,1.737194477337878,0
2764,1.512281589766066,0
2765,1.758602512853445,0
2766,2.832369202832136,0
2767,4.011020116161759,0
2768,4.494812770466561,111.8018014716906
2769,3.839403342063793,215.9844949342983
2770,3.58504928304092,305.4482019983877
2771,3.233567033416787,374.0961188733074
2772,3.347968135981747,417.2500034700783
2773,3.667716814071787,431.9689898685966
2774,3.550474118171679,417.2500034700783
2775,2.99808916469859,374.0961188733074
2776,3.426634892204405,305.4482019983877
2777,4.079107649831315,215.9844949342983
2778,5.504098796722293,111.8018014716907
2779,6.136004007771882,0
2780,5.905042946486484,0
2781,4.983925109426068,0
2782,4.316325458640976,0
2783,3.610637371153655,0
2784,2.825064939703132,0
2785,2.223581408901418,0
2786,1.834084255694827,0
2787,1.826010083561518,0
2788,1.51088530782947,0
2789,1.725638868671792,0
2790,2.788555552153287,0
2791,3.920193602449464,0
2792,4.590121788871999,111.8018014716906
2793,3.891652289061155,215.9844949342983
2794,3.595482191973094,305.4482019983877
2795,3.106759943804092,374.0961188733074
2796,3.429319182150186,417.2500034700783
2797,3.52449411109928,431.9689898685966
2798,3.481928998764025,417.2500034700783
2799,3.155382731200546,374.0961188733074
2800,3.618249408926835,305.4482019983877
2801,4.112131521806153,215.9844949342983
2802,5.115865639574518,111.8018014716907
2803,6.040539672121365,0
2804,6.01411357401417,0
2805,4.852591248674654,0
2806,4.29080540986793,0
2807,3.404419034213559,0
2808,2.806945338788461,0
2809,2.099435399205673,0
2810,1.816777044423114,0
2811,1.714945955479474,0
2812,1.531246062772044,0
2813,1.726226311549168,0
2814,2.905926589317883,0
2815,4.02244620524708,0
2816,4.29459924547491,111.8018014716906
2817,3.918002343513846,215.9844949342983
2818,3.540686391761271,305.4482019983877
2819,3.047560837224585,374.0961188733074
2820,3.417475135483218,417.2500034700783
2821,3.46600949074573,431.9689898685966
2822,3.380837574556399,417.2500034700783
2823,3.003318069791003,374.0961188733074
2824,3.537080147797121,305.4482019983877
2825,4.229313673203991,215.9844949342983
2826,5.171406020032087,111.8018014716907
2827,5.977034416313773,0
2828,5.876701156852747,0
2829,4.960583064627269,0
2830,4.527771668298069,0
2831,3.392790355769589,0
2832,2.786330299614409,0
2833,2.27874990024981,0
2834,1.851853947287417,0
2835,1.751931996622245,0
2836,1.520720619746017,0
2837,1.71470105741662,0
2838,2.684886846345322,0
2839,3.915496142342046,0
2840,4.264307723607232,111.8018014716906
2841,3.768707476156444,215.9844949342983
2842,3.314293962638156,305.4482019983877
2843,3.177993415768868,374.0961188733074
2844,3.35568777548069,417.2500034700783
2845,3.64465459032479,431.9689898685966
2846,3.400986690005022,417.2500034700783
2847,3.074357039268941,374.0961188733074
2848,3.465305456327574,305.4482019983877
2849,3.970065221547989,215.9844949342983
2850,5.137294716651326,111.8018014716907
2851,6.372823778907149,0
2852,5.797819570248466,0
2853,4.85438190743986,0
2854,4.2937901736102,0
2855,3.578616263101883,0
2856,2.813454477946368,0
2857,2.193215461633216,0
2858,1.811053391031034,0
2859,1.825104774374557,0
2860,1.60452386933752,0
2861,1.689819500546994,0
2862,2.829407671059821,0
2863,3.999010898816428,0
2864,4.212069406560639,111.8018014716906
2865,3.699430545345749,215.9844949342983
2866,3.536362693933739,305.4482019983877
2867,3.259526055836157,374.0961188733074
2868,3.367782817614299,417.2500034700783
2869,3.479898025093275,431.9689898685966
2870,3.268791309982775,417.2500034700783
2871,3.251614315359588,374.0961188733074
2872,3.529365703980435,305.4482019983877
2873,3.896662027800004,215.9844949342983
2874,5.35691359619343,111.8018014716907
2875,5.917130199557995,0
2876,5.982403408100479,0
2877,5.224278680547324,0
2878,4.247086461540727,0
2879,3.565851494437324,0
2880,2.936452089448123,0
2881,2.10817020404944,0
2882,1.921197590555815,0
2883,1.733791283314977,0
2884,1.596802699861908,0
2885,1.661507842141719,0
2886,2.71904771033711,0
2887,4.000126314926403,0
2888,4.351634339633758,84.69833444825048
2889,3.870334379118888,163.6246173744684
2890,3.561008898527695,231.4001530290816
2891,3.204903513663185,283.4061506615965
2892,3.268867224024826,316.0984874773321
2893,3.541184635881637,327.2492347489368
2894,3.307667167953856,316.0984874773321
2895,3.241540742673492,283.4061506615966
2896,3.55843953476505,231.4001530290816
2897,4.215325133804098,163.6246173744684
2898,5.183470888605211,84.69833444825056
2899,6.2809817393056,0
2900,5.625103080503211,0
2901,5.038345434837826,0
2902,4.541347999032694,0
2903,3.280093027577161,0
2904,2.820225843664896,0
2905,2.257167883755873,0
2906,1.790410516040291,0
2907,1.8187050882312,0
2908,1.546013507768922,0
2909,1.770297756286036,0
2910,2.840012940660825,0
2911,4.17835347347259,0
2912,4.191362927802273,84.69833444825048
2913,3.682212728439195,163.6246173744684
2914,3.421353222967248,231.4001530290816
2915,3.125962624236915,283.4061506615965
2916,3.377878163484797,316.0984874773321
2917,3.706176559849264,327.2492347489368
2918,3.523805666947917,316.0984874773321
2919,3.189902965759823,283.4061506615966
2920,3.30704420792805,231.4001530290816
2921,3.903008562682198,163.6246173744684
2922,5.407000759037801,84.69833444825056
2923,6.19577648913621,0
2924,5.651734917497738,0
2925,4.84697550067296,0
2926,4.30374992818389,0
2927,3.444788967873637,0
2928,2.681691943519134,0
2929,2.263326708370669,0
2930,1.937366998387716,0
2931,1.766305318970043,0
2932,1.541000589157704,0
2933,1.683473014093288,0
2934,2.651387478453546,0
2935,4.164381043709545,0
2936,4.40891569399806,84.69833444825048
2937,3.56127827308074,163.6246173744684
2938,3.493964139609882,231.4001530290816
2939,2.94385977253388,283.4061506615965
2940,3.555123000641682,316.0984874773321
2941,3.523360700030665,327.2492347489368
2942,3.259188565089085,316.0984874773321
2943,2.978269745602383,283.4061506615966
2944,3.397612742581576,231.4001530290816
2945,4.040475479037745,163.6246173744684
2946,5.398574496535992,84.69833444825056
2947,6.459387827473103,0
2948,5.747894554557095,0
2949,5.189824338787144,0
2950,4.301420696059718,0
2951,3.461684060404989,0
2952,2.811561871431787,0
2953,2.185061862339785,0
2954,1.861027363860414,0
2955,1.746981844720404,0
2956,1.484154728207568,0
2957,1.655504205593192,0
2958,2.703461373625538,0
2959,4.055067572179446,0
2960,4.358265461336864,84.69833444825048
2961,3.881738688954552,163.6246173744684
2962,3.379615403853881,231.4001530290816
2963,3.175701297501628,283.4061506615965
2964,3.4061730259704,316.0984874773321
2965,3.575468634341356,327.2492347489368
2966,3.472431264896476,316.0984874773321
2967,3.19397479089198,283.4061506615966
2968,3.436680793565391,231.4001530290816
2969,4.056784253171153,163.6246173744684
2970,5.252393525077171,84.69833444825056
2971,6.023643912381498,0
2972,6.126307580372718,0
2973,4.872490527435835,0
2974,4.187805018211147,0
2975,3.387646186985008,0
2976,2.719424985477461,0
2977,2.129200468883674,0
2978,1.933440946485524,0
2979,1.702650248757898,0
2980,1.54171652940822,0
2981,1.711304135252182,0
2982,2.788561893711243,0
2983,3.962129471930758,0
2984,4.338456978521222,84.69833444825048
2985,3.764356868849842,163.6246173744684
2986,3.367476998238763,231.4001530290816
2987,3.203088246965061,283.4061506615965
2988,3.280819342859461,316.0984874773321
2989,3.463870106408251,327.2492347489368
2990,3.323904370773886,316.0984874773321
2991,3.148503528916727,283.4061506615966
2992,3.232658516909467,231.4001530290816
2993,4.06587628731271,163.6246173744684
2994,5.446556597327804,84.69833444825056
2995,6.149113083203902,0
2996,5.866122207721208,0
2997,5.091152097383851,0
2998,4.275635041032176,0
2999,3.321473865604665,0
3000,2.730359485606082,0
3001,2.074897672163096,0
3002,1.908860130470717,0
3003,1.773526008798923,0
3004,1.518914653107187,0
3005,1.688014636918621,0
3006,2.870491081818827,0
3007,3.918089787174772,0
3008,4.269044726141713,84.69833444825048
3009,3.597683385637278,163.6246173744684
3010,3.320978641150603,231.4001530290816
3011,3.115533453873649,283.4061506615965
3012,3.265604623322125,316.0984874773321
3013,3.650102741025429,327.2492347489368
3014,3.477657579345632,316.0984874773321
3015,2.962768087749525,283.4061506615966
3016,3.43743624086562,231.4001530290816
3017,3.818133419550605,163.6246173744684
3018,5.083985844006774,84.69833444825056
3019,6.188817648392015,0
3020,5.782933495727739,0
3021,4.885288663146325,0
3022,4.229715237699026,0
3023,3.491935522134964,0
3024,2.815035003964801,0
3025,2.074046345364638,0
3026,1.75433598867575,0
3027,1.733169888430725,0
3028,1.59096480029952,0
3029,1.753862742284479,0
3030,2.843244579689504,0
3031,3.821417607129765,0
3032,4.230859098512027,84.69833444825048
3033,3.656497507980105,163.6246173744684
3034,3.291361201641721,231.4001530290816
3035,3.090278037463368,283.4061506615965
3036,3.458022679877375,316.0984874773321
3037,3.603426474527121,327.2492347489368
3038,3.534266653917221,316.0984874773321
3039,3.043268844960031,283.4061506615966
3040,3.242008283414258,231.4001530290816
3041,3.876043750958025,163.6246173744684
3042,5.307548742395547,84.69833444825056
3043,6.336110393807606,0
3044,5.747821813222322,0
3045,4.858447604038995,0
3046,4.106986374880689,0
3047,3.429696879896177,0
3048,2.661450612112968,0
3049,2.160434837049134,0
3050,1.899996568048166,0
3051,1.656476617519415,0
3052,1.551962784466288,0
3053,1.777427096025567,0
3054,2.776683458717464,0
3055,3.962312984960048,0
3056,4.336599923935843,84.69833444825048
3057,3.84832892980997,163.6246173744684
3058,3.332519021760548,231.4001530290816
3059,3.024353988111304,283.4061506615965
3060,3.204613974411375,316.0984874773321
3061,3.648037162692039,327.2492347489368
3062,3.386081763958534,316.0984874773321
3063,3.039463255240265,283.4061506615966
3064,3.390658524562522,231.4001530290816
3065,4.160512201990481,163.6246173744684
3066,5.400397788864174,84.69833444825056
3067,6.018845723103428,0
3068,5.617791183353476,0
3069,4.940216149991071,0
3070,4.20679926450785,0
3071,3.513824647166376,0
3072,2.71201791895626,0
3073,2.118160283705722,0
3074,1.79671456625774,0
3075,1.719754969453069,0
3076,1.483611054195841,0
3077,1.766013211216998,0
3078,2.712746265535078,0
3079,4.060041591169129,0
3080,4.267456112045656,84.69833444825048
3081,3.738343515282386,163.6246173744684
3082,3.261538046135772,231.4001530290816
3083,3.117579444567316,283.4061506615965
3084,3.209131634066551,316.0984874773321
3085,3.484234466965316,327.2492347489368
3086,3.425308006075605,316.0984874773321
3087,2.920045266149341,283.4061506615966
3088,3.221940551342519,231.4001530290816
3089,3.928833033033286,163.6246173744684
3090,5.021736971484018,84.69833444825056
3091,5.904009701189784,0
3092,5.83267387832062,0
3093,5.032010249826151,0
3094,4.210907120740693,0
3095,3.271720591192315,0
3096,2.778797708676797,0
3097,2.167191232607824,0
3098,1.778490423587606,0
3099,1.702791034516957,0
3100,1.464818854324516,0
3101,1.7883059027478,0
3102,2.764474016352367,0
3103,3.82333342137612,0
3104,4.348378649953417,84.69833444825048
3105,3.527859343465195,163.6246173744684
3106,3.383325751432938,231.4001530290816
3107,3.153687340016968,283.4061506615965
3108,3.238806595247719,316.0984874773321
3109,3.497042664777278,327.2492347489368
3110,3.330362368221369,316.0984874773321
3111,2.96099592740576,283.4061506615966
3112,3.505737665011211,231.4001530290816
3113,4.036170247399169,163.6246173744684
3114,5.138634126751117,84.69833444825056
3115,5.901979547150045,0
3116,5.95271575501332,0
3117,4.637342022668163,0
3118,4.19976196035584,0
3119,3.238881280144686,0
3120,2.6575643407993,0
3121,2.067047593108271,0
3122,1.833700985590165,0
3123,1.648185278440411,0
3124,1.591286241351694,0
3125,1.760859107774309,0
3126,2.700367717962249,0
3127,4.055594663979078,0
3128,4.097788220454815,84.69833444825048
3129,3.755286423073621,163.6246173744684
3130,3.255852715517622,231.4001530290816
3131,3.16513176450345,283.4061506615965
3132,3.235615783981948,316.0984874773321
3133,3.531514488032223,327.2492347489368
3134,3.2816937179134,316.0984874773321
3135,2.901978534813978,283.4061506615966
3136,3.350756204451251,231.4001530290816
3137,4.13824553283967,163.6246173744684
3138,4.933510068098108,84.69833444825056
3139,6.347524212934068,0
3140,5.982344996720173,0
3141,4.762335916134204,0
3142,4.178219661935637,0
3143,3.44676942289576,0
3144,2.70606289444618,0
3145,2.078084279333379,0
3146,1.844799207880882,0
3147,1.75359385363627,0
3148,1.450380479452703,0
3149,1.635039814015049,0
3150,2.747334002492459,0
3151,3.957408800288496,0
3152,4.425433011724436,84.69833444825048
3153,3.698017396929802,163.6246173744684
3154,3.477821240340315,231.4001530290816
3155,3.036584381526943,283.4061506615965
3156,3.507068915475064,316.0984874773321
3157,3.61236813389967,327.2492347489368
3158,3.340758005077128,316.0984874773321
3159,3.124055390556544,283.4061506615966
3160,3.45596726763321,231.4001530290816
3161,4.018799898932278,163.6246173744684
3162,5.012138977151755,84.69833444825056
3163,6.032086976478343,0
3164,5.944079391724562,0
3165,4.707755223594472,0
3166,4.135063699818634,0
3167,3.487781105819049,0
3168,2.619452667232964,0
3169,2.228269713503919,0
3170,1.731739133378096,0
3171,1.684372032455532,0
3172,1.495440493853791,0
3173,1.771956318998004,0
3174,2.701687705590366,0
3175,3.930910660771343,0
3176,4.178737355683912,84.69833444825048
3177,3.457261940359577,163.6246173744684
3178,3.232159329867034,231.4001530290816
3179,2.929975752456835,283.4061506615965
3180,3.362214965113691,316.0984874773321
3181,3.445466949049333,327.2492347489368
3182,3.375513298525823,316.0984874773321
3183,3.151550988268268,283.4061506615966
3184,3.414315206337616,231.4001530290816
3185,3.877488765196014,163.6246173744684
3186,5.070746387253712,84.69833444825056
3187,6.122012024534064,0
3188,5.481565237971448,0
3189,4.789853198836422,0
3190,4.029141363387623,0
3191,3.228045121678897,0
3192,2.835230285194143,0
3193,2.029584221562568,0
3194,1.868487551171604,0
3195,1.61748849756397,0
3196,1.582615498262825,0
3197,1.760660444453423,0
3198,2.722877041056384,0
3199,3.995157725351746,0
3200,4.41505189649761,84.69833444825048
3201,3.477825441740059,163.6246173744684
3202,3.360893598227567,231.4001530290816
3203,2.894539945490431,283.4061506615965
3204,3.168558143761953,316.0984874773321
3205,3.514161199151855,327.2492347489368
3206,3.456530881977075,316.0984874773321
3207,3.0652283931835,283.4061506615966
3208,3.24729663625658,231.4001530290816
3209,4.010718528981946,163.6246173744684
3210,5.086357284195485,84.69833444825056
3211,6.0027562089085,0
3212,5.996535699378944,0
3213,4.978033915165567,0
3214,4.078109591087774,0
3215,3.265546731059533,0
3216,2.807368807721401,0
3217,2.106085617066166,0
3218,1.841709292170987,0
3219,1.680180070297061,0
3220,1.465367619471723,0
3221,1.719735400809411,0
3222,2.603293285581598,0
3223,3.892048035894105,0
3224,4.054179697796548,84.69833444825048
3225,3.485257076538884,163.6246173744684
3226,3.277049005760384,231.4001530290816
3227,3.11755983818242,283.4061506615965
3228,3.467292594495538,316.0984874773321
3229,3.472915368000653,327.2492347489368
3230,3.3774538308948,316.0984874773321
3231,3.122171252558459,283.4061506615966
3232,3.226913063383814,231.4001530290816
3233,3.94282233158984,163.6246173744684
3234,4.986282492804441,84.69833444825056
3235,6.321184607159346,0
3236,5.920018599947538,0
3237,4.897565372821536,0
3238,4.102167661657894,0
3239,3.336644224587723,0
3240,2.61157176491366,0
3241,2.1052395838497,0
3242,1.837576477085391,0
3243,1.65598680237423,0
3244,1.518997057359226,0
3245,1.734125283059778,0
3246,2.623808745289396,0
3247,3.759156138136386,0
3248,4.211161108258477,84.69833444825048
3249,3.529577593602923,163.6246173744684
3250,3.321313128319851,231.4001530290816
3251,3.144083076820671,283.4061506615965
3252,3.162464365264298,316.0984874773321
3253,3.330249098387032,327.2492347489368
3254,3.439025490428617,316.0984874773321
3255,3.072617694869958,283.4061506615966
3256,3.226029637347356,231.4001530290816
3257,4.052066584679297,163.6246173744684
3258,5.196481704650788,84.69833444825056
3259,5.938442875288332,0
3260,5.954900060426203,0
3261,5.008418110412817,0
3262,4.334662573765219,0
3263,3.300859100733349,0
3264,2.581779769251957,0
3265,2.082830189447929,0
3266,1.734902305280482,0
3267,1.701813679404594,0
3268,1.493434349747672,0
3269,1.675378622954228,0
3270,2.747134246469782,0
3271,4.040344611274069,0
3272,4.113923779532441,84.69833444825048
3273,3.679168814122976,163.6246173744684
3274,3.213759684873976,231.4001530290816
3275,2.902150983853518,283.4061506615965
3276,3.43295844939566,316.0984874773321
3277,3.352987351214562,327.2492347489368
3278,3.337732783578742,316.0984874773321
3279,3.125218225389611,283.4061506615966
3280,3.228661572296421,231.4001530290816
3281,3.742044615842584,163.6246173744684
3282,5.01986696577174,84.69833444825056
3283,6.289605171044114,0
3284,5.973426521643369,0
3285,4.73801885875737,0
3286,4.054828677546075,0
3287,3.418011046751475,0
3288,2.692461733665146,0
3289,2.107512809938102,0
3290,1.82094086920604,0
3291,1.645902328633688,0
3292,1.520636132004459,0
3293,1.659687123113182,0
3294,2.60162174092905,0
3295,3.850410372595094,0
3296,4.200491517205047,84.69833444825048
3297,3.660254158197882,163.6246173744684
3298,3.324432556891651,231.4001530290816
3299,3.019561885911721,283.4061506615965
3300,3.224069977568229,316.0984874773321
3301,3.313211736786808,327.2492347489368
3302,3.299962117256622,316.0984874773321
3303,2.952795284268289,283.4061506615966
3304,3.347256492509685,231.4001530290816
3305,4.002578796835063,163.6246173744684
3306,4.847983517947538,84.69833444825056
3307,6.091429928329654,0
3308,5.941187172916831,0
3309,4.865734523681189,0
3310,4.036718888488021,0
3311,3.29273458859395,0
3312,2.787838334522434,0
3313,2.115184229151162,0
3314,1.843291307416785,0
3315,1.656649098665363,0
3316,1.516887888338061,0
3317,1.600221208179383,0
3318,2.733711261119501,0
3319,3.728514521846397,0
3320,4.161256534949239,84.69833444825048
3321,3.739718343080497,163.6246173744684
3322,3.342414303418268,231.4001530290816
3323,2.936985821640948,283.4061506615965
3324,3.273198534733758,316.0984874773321
3325,3.503139392118946,327.2492347489368
3326,3.405779360594881,316.0984874773321
3327,2.972910430357453,283.4061506615966
3328,3.414541869706268,231.4001530290816
3329,4.066942120465109,163.6246173744684
3330,4.970321730839412,84.69833444825056
3331,6.253741068857714,0
3332,5.781650745828571,0
3333,4.616080042685121,0
3334,4.263823268630661,0
3335,3.411208022997318,0
3336,2.643027310747029,0
3337,2.082297483902148,0
3338,1.765143441250073,0
3339,1.728848615507198,0
3340,1.516106602301729,0
3341,1.758690785540079,0
3342,2.664509044219994,0
3343,3.82662908381982,0
3344,4.0500985725995,84.69833444825048
3345,3.614101671871154,163.6246173744684
3346,3.348417397988785,231.4001530290816
3347,2.853299759916507,283.4061506615965
3348,3.289951424760809,316.0984874773321
3349,3.398472806966781,327.2492347489368
3350,3.205828814534106,316.0984874773321
3351,3.005630223244963,283.4061506615966
3352,3.448760492245084,231.4001530290816
3353,3.937738698705703,163.6246173744684
3354,5.105755570221555,84.69833444825056
3355,6.231843790703651,0
3356,5.575775538625929,0
3357,4.755940859402594,0
3358,4.3559333090631,0
3359,3.443617235641282,0
3360,2.738041329076895,0
3361,2.114771289772064,0
3362,1.821645494354137,0
3363,1.595122374928094,0
3364,1.540913204133761,0
3365,1.671308372782837,0
3366,2.614786476250038,0
3367,3.799790277596415,0
3368,4.178375999425541,84.69833444825048
3369,3.674101574860047,163.6246173744684
3370,3.330816270668592,231.4001530290816
3371,2.857113896857513,283.4061506615965
3372,3.120778578207492,316.0984874773321
3373,3.302465521498046,327.2492347489368
3374,3.15418545920113,316.0984874773321
3375,2.909085115652459,283.4061506615966
3376,3.216317072794528,231.4001530290816
3377,3.944735160036386,163.6246173744684
3378,5.101196144019779,84.69833444825056
3379,5.967651379753486,0
3380,5.580165167183837,0
3381,4.958005114968046,0
3382,4.340038478026258,0
3383,3.206206393857117,0
3384,2.638081363328577,0
3385,1.994791391139132,0
3386,1.802669780176218,0
3387,1.625017786598764,0
3388,1.470027657853328,0
3389,1.657625664733908,0
3390,2.623558377938822,0
3391,3.808414673089674,0
3392,4.356107758642271,84.69833444825048
3393,3.563214084610347,163.6246173744684
3394,3.1464594740574,231.4001530290816
3395,2.981765137994431,283.4061506615965
3396,3.385652710194142,316.0984874773321
3397,3.370291423988717,327.2492347489368
3398,3.250721730693046,316.0984874773321
3399,3.120290269062682,283.4061506615966
3400,3.15518373518197,231.4001530290816
3401,3.834863042761572,163.6246173744684
3402,5.041262643346528,84.69833444825056
3403,6.075279876356131,0
3404,5.827485848785826,0
3405,4.688334327105951,0
3406,4.358942635712702,0
3407,3.32434952929252,0
3408,2.770817025913864,0
3409,2.155978051534711,0
3410,1.819348311567653,0
3411,1.586649571552023,0
3412,1.491680915338231,0
3413,1.714393318198787,0
3414,2.558019899216508,0
3415,3.818802131124438,0
3416,4.292367046194873,84.69833444825048
3417,3.429694523430261,163.6246173744684
3418,3.224350481957267,231.4001530290816
3419,2.883329359150915,283.4061506615965
3420,3.313176178994801,316.0984874773321
3421,3.316877300021214,327.2492347489368
3422,3.310395000291344,316.0984874773321
3423,2.971488668634587,283.4061506615966
3424,3.307512089478064,231.4001530290816
3425,3.783994325974021,163.6246173744684
3426,5.234743005242203,84.69833444825056
3427,5.821053445947395,0
3428,5.61968664236309,0
3429,4.608871145139626,0
3430,4.070926717989858,0
3431,3.394035813164925,0
3432,2.760981349999635,0
3433,1.991118679183085,0
3434,1.850678062872527,0
3435,1.689974689395049,0
3436,1.559703878793942,0
3437,1.59635168117593,0
3438,2.717931321274326,0
3439,3.776024702511611,0
3440,4.09995784385269,84.69833444825048
3441,3.537095304460277,163.6246173744684
3442,3.279287542205303,231.4001530290816
3443,2.822928306004534,283.4061506615965
3444,3.331721108714271,316.0984874773321
3445,3.325504965344345,327.2492347489368
3446,3.156613837766615,316.0984874773321
3447,2.942694653357569,283.4061506615966
3448,3.209806470735811,231.4001530290816
3449,3.887302647054313,163.6246173744684
3450,5.233509852357257,84.69833444825056
3451,5.916050357832517,0
3452,5.5366210631627,0
3453,4.736465614579805,0
3454,4.083769825741649,0
3455,3.369086547583904,0
3456,2.766092471283478,0
3457,1.981541247166704,0
3458,1.763134472088135,0
3459,1.696025913511142,0
3460,1.502334739464705,0
3461,1.70010530580655,0
3462,2.758536677605689,0
3463,3.693859193452996,0
3464,4.026810265154108,84.69833444825048
3465,3.420764828002581,163.6246173744684
3466,3.380142997624781,231.4001530290816
3467,2.925101937594573,283.4061506615965
3468,3.209904833587382,316.0984874773321
3469,3.472638701390487,327.2492347489368
3470,3.180576264029984,316.0984874773321
3471,3.022995869878666,283.4061506615966
3472,3.256177003198459,231.4001530290816
3473,3.745256694355602,163.6246173744684
3474,4.805842299226864,84.69833444825056
3475,6.142410966478719,0
3476,5.623482463528246,0
3477,4.865659292224329,0
3478,4.267946676672805,0
3479,3.24179413613374,0
3480,2.562547201175609,0
3481,2.13227779113863,0
3482,1.831230987555898,0
3483,1.629432816322941,0
3484,1.468206845243228,0
3485,1.731458489274412,0
3486,2.570861955825046,0
3487,3.824640961138308,0
3488,4.329773576995342,84.69833444825048
3489,3.57203820659893,163.6246173744684
3490,3.159619600570118,231.4001530290816
3491,2.979561915250747,283.4061506615965
3492,3.380177795702939,316.0984874773321
3493,3.573766255144588,327.2492347489368
3494,3.112868641926027,316.0984874773321
3495,3.076433025631804,283.4061506615966
3496,3.138051331914987,231.4001530290816
3497,3.756327149476551,163.6246173744684
3498,5.152078899206931,84.69833444825056
3499,6.095952336068494,0
3500,5.589127774421888,0
3501,4.934506501523806,0
3502,3.998663188622806,0
3503,3.106566263288125,0
3504,2.59242526551044,0
3505,2.034034249552535,0
3506,1.696362926717098,0
3507,1.673353883616999,0
3508,1.483855344800433,0
3509,1.66317442092283,0
3510,2.549865659039249,0
3511,3.852080628011215,0
3512,4.087075703544759,84.69833444825048
3513,3.603038900718453,163.6246173744684
3514,3.317100632098581,231.4001530290816
3515,3.049248828853491,283.4061506615965
3516,3.205234902873584,316.0984874773321
3517,3.399729102559252,327.2492347489368
3518,3.132642214098655,316.0984874773321
3519,2.961581552291245,283.4061506615966
3520,3.128553120187872,231.4001530290816
3521,3.65515677715458,163.6246173744684
3522,4.893789797305341,84.69833444825056
3523,5.936241000125855,0
3524,5.647001534405392,0
3525,4.76945911077473,0
3526,4.068097941103519,0
3527,3.382059435368872,0
3528,2.647184948467888,0
3529,2.075736982095846,0
3530,1.855492865514512,0
3531,1.590393518454737,0
3532,1.424026653526708,0
3533,1.579383486387528,0
3534,2.578926068519962,0
3535,3.802658698016487,0
3536,4.214844834795794,84.69833444825048
3537,3.583842454748868,163.6246173744684
3538,3.167069668278243,231.4001530290816
3539,3.021971808575351,283.4061506615965
3540,3.1622184323784,316.0984874773321
3541,3.291426054134035,327.2492347489368
3542,3.209588130333236,316.0984874773321
3543,2.863791128320587,283.4061506615966
3544,3.158329416593098,231.4001530290816
3545,3.958846256625586,163.6246173744684
3546,5.069111890427751,84.69833444825056
3547,6.018903276239134,0
3548,5.365686903490582,0
3549,4.816026979994882,0
3550,4.096214833711175,0
3551,3.166406510632932,0
3552,2.707462161688388,0
3553,2.165121356967493,0
3554,1.797559497478599,0
3555,1.572867461870295,0
3556,1.475851244844743,0
3557,1.733957351414407,0
3558,2.756345271503209,0
3559,4.02249892007584,0
3560,4.091312311674625,84.69833444825048
3561,3.68472415934087,163.6246173744684
3562,3.228226336262986,231.4001530290816
3563,3.007821204024317,283.4061506615965
3564,3.215336966470987,316.0984874773321
3565,3.356277209019694,327.2492347489368
3566,3.360283397801614,316.0984874773321
3567,3.073323342002258,283.4061506615966
3568,3.310813712355849,231.4001530290816
3569,3.726774148599765,163.6246173744684
3570,5.008181618302491,84.69833444825056
3571,6.009263651605339,0
3572,5.783491806717,0
3573,4.51799479809407,0
3574,4.257603687093312,0
3575,3.301063565656307,0
3576,2.716493757958289,0
3577,1.966441280641429,0
3578,1.840227788047401,0
3579,1.630415498724889,0
3580,1.434913807278738,0
3581,1.603152697652446,0
3582,2.671187823867912,0
3583,3.921856420014637,0
3584,3.979238464486512,84.69833444825048
3585,3.655756719941422,163.6246173744684
3586,3.101653404375447,231.4001530290816
3587,2.979829685878985,283.4061506615965
3588,3.150944658341647,316.0984874773321
3589,3.456889864281265,327.2492347489368
3590,3.367519754395178,316.0984874773321
3591,3.041980501403592,283.4061506615966
3592,3.094276218752916,231.4001530290816
3593,3.715428635725497,163.6246173744684
3594,5.032970125672432,84.69833444825056
3595,6.053590253807191,0
3596,5.856757870776955,0
3597,4.912622491784515,0
3598,4.323849315873181,0
3599,3.375766366906548,0
3600,2.620169722906733,0
3601,1.985813128741496,0
3602,1.824144041976269,0
3603,1.585652555015768,0
3604,1.541877733011428,0
3605,1.672192727259256,0
3606,2.634632371324747,0
3607,3.887855696143407,0
3608,4.209318636214197,84.69833444825048
3609,3.467660430336341,163.6246173744684
3610,3.280783170212806,231.4001530290816
3611,3.016187942367181,283.4061506615965
3612,3.377194341076618,316.0984874773321
3613,3.411561740641222,327.2492347489368
3614,3.076273276687889,316.0984874773321
3615,3.043876441393261,283.4061506615966
3616,3.310525956017537,231.4001530290816
3617,3.995577994103869,163.6246173744684
3618,4.927817583284844,84.69833444825056
3619,5.742847798117831,0
3620,5.737125770219731,0
3621,4.766389974035635,0
3622,3.972143267025957,0
3623,3.083776299365505,0
3624,2.66473161543406,0
3625,1.995976233553117,0
3626,1.717338546640528,0
3627,1.694033988797496,0
3628,1.433811181672849,0
3629,1.665760208616557,0
3630,2.551289406464985,0
3631,3.842747056651992,0
3632,4.200939596198313,71.14660093653039
3633,3.398659029148354,137.4446785945534
3634,3.377749983930582,194.3761285444285
3635,2.8662238970371,238.061166555741
3636,3.146873757696349,265.5227294809589
3637,3.436055344730925,274.8893571891069
3638,3.206315807097781,265.5227294809589
3639,2.868803584941517,238.0611665557411
3640,3.243673977028533,194.3761285444285
3641,3.980972106984626,137.4446785945534
3642,4.821415011735401,71.14660093653046
3643,5.807248814308152,0
3644,5.82241060872829,0
3645,4.564613387631285,0
3646,4.063631454101076,0
3647,3.184782158097492,0
3648,2.511042674388207,0
3649,1.961679838876145,0
3650,1.739994584314094,0
3651,1.623786799401111,0
3652,1.516255562553719,0
3653,1.705125225610835,0
3654,2.671614743148418,0
3655,3.772896791611099,0
3656,4.056080487937479,71.14660093653039
3657,3.532189073107249,137.4446785945534
3658,3.153471398049752,194.3761285444285
3659,2.916146332984116,238.061166555741
3660,3.072972632176936,265.5227294809589
3661,3.351673715663964,274.8893571891069
3662,3.140716444183853,265.5227294809589
3663,2.861178447168804,238.0611665557411
3664,3.172450115501811,194.3761285444285
3665,3.982254475953168,137.4446785945534
3666,5.108551222918587,71.14660093653046
3667,6.14986797647344,0
3668,5.838067798571913,0
3669,4.911911616150627,0
3670,4.080495488183507,0
3671,3.30956015418604,0
3672,2.565056554260865,0
3673,1.958349234873662,0
3674,1.729699731934066,0
3675,1.659910593771223,0
3676,1.396737711588361,0
3677,1.612138237647778,0
3678,2.522683662321004,0
3679,3.855047760722635,0
3680,4.138110662177835,71.14660093653039
3681,3.46420283782415,137.4446785945534
3682,3.323190779654733,194.3761285444285
3683,2.832030963268696,238.061166555741
3684,3.269026233562241,265.5227294809589
3685,3.358056309867417,274.8893571891069
3686,3.238159023550109,265.5227294809589
3687,2.844830278402518,238.0611665557411
3688,3.252230666332218,194.3761285444285
3689,3.662518894399236,137.4446785945534
3690,4.97044280856128,71.14660093653046
3691,5.998809971614706,0
3692,5.448645341006983,0
3693,4.807306747021836,0
3694,4.074031065338875,0
3695,3.357978082291778,0
3696,2.762911390365511,0
3697,2.116022626260659,0
3698,1.810501849816041,0
3699,1.628978650362664,0
3700,1.402185274688901,0
3701,1.577386526631041,0
3702,2.590543569502072,0
3703,3.639142016383466,0
3704,4.173316551885849,71.14660093653039
3705,3.516704895117674,137.4446785945534
3706,3.232544756097529,194.3761285444285
3707,2.963008807080527,238.061166555741
3708,3.264831914933851,265.5227294809589
3709,3.31447010478688,274.8893571891069
3710,3.071705106150445,265.5227294809589
3711,3.061106783849241,238.0611665557411
3712,3.316397988388561,194.3761285444285
3713,3.878619523548052,137.4446785945534
3714,5.21609038546139,71.14660093653046
3715,5.824612092938272,0
3716,5.361934525138905,0
3717,4.651354201378636,0
3718,4.165429031070476,0
3719,3.102041976640971,0
3720,2.616608647066949,0
3721,1.976840494356755,0
3722,1.683412526595052,0
3723,1.703812511619885,0
3724,1.520825982005182,0
3725,1.647947739586932,0
3726,2.706462159900128,0
3727,3.806745834539391,0
3728,4.172930632492613,71.14660093653039
3729,3.673488599182015,137.4446785945534
3730,3.354596241390489,194.3761285444285
3731,2.791856656862322,238.061166555741
3732,3.108698188591134,265.5227294809589
3733,3.303944712135183,274.8893571891069
3734,3.341445252423276,265.5227294809589
3735,2.844593701762829,238.0611665557411
3736,3.121213068645694,194.3761285444285
3737,3.980110275119733,137.4446785945534
3738,5.167505674516315,71.14660093653046
3739,6.059882721577519,0
3740,5.504381217968321,0
3741,4.493451226842955,0
3742,4.290218603366665,0
3743,3.118260221046512,0
3744,2.735055365405465,0
3745,2.024280108605257,0
3746,1.81238247578012,0
3747,1.668894560344938,0
3748,1.507363504641718,0
3749,1.573602748416334,0
3750,2.592431648753418,0
3751,3.727582731400594,0
3752,4.122444468955422,71.14660093653039
3753,3.446053839165675,137.4446785945534
3754,3.327681211550951,194.3761285444285
3755,2.787110873651974,238.061166555741
3756,3.138233622195144,265.5227294809589
3757,3.371244091281269,274.8893571891069
3758,3.224173073454719,265.5227294809589
3759,2.802117195024757,238.0611665557411
3760,3.066803711765886,194.3761285444285
3761,3.696141583954982,137.4446785945534
3762,5.130282151945383,71.14660093653046
3763,6.10630009380586,0
3764,5.491875932611896,0
3765,4.663542377761054,0
3766,4.251319649845871,0
3767,3.31892002891757,0
3768,2.515362503781812,0
3769,2.026253302599792,0
3770,1.816055037058458,0
3771,1.690508973460394,0
3772,1.414973690897777,0
3773,1.637126063376976,0
3774,2.738192829674684,0
3775,3.681121007528749,0
3776,4.248519111369183,71.14660093653039
3777,3.366755917175198,137.4446785945534
3778,3.124596346789966,194.3761285444285
3779,2.873348575727323,238.061166555741
3780,3.077755389917491,265.5227294809589
3781,3.282707375941952,274.8893571891069
3782,3.300600692644315,265.5227294809589
3783,2.95593181401508,238.0611665557411
3784,3.331110349890837,194.3761285444285
3785,3.951767227775153,137.4446785945534
3786,5.123389501331062,71.14660093653046
3787,5.643234739996339,0
3788,5.571452389716013,0
3789,4.705013714735565,0
3790,4.163080022387508,0
3791,3.203749340652967,0
3792,2.739811142202043,0
3793,2.081200691779399,0
3794,1.746521169910706,0
3795,1.558735984061114,0
3796,1.390904127683754,0
3797,1.682438867045634,0
3798,2.711687048866962,0
3799,3.865965409217134,0
3800,3.960605935774823,71.14660093653039
3801,3.475249498533215,137.4446785945534
3802,3.150246977361121,194.3761285444285
3803,3.035543647819178,238.061166555741
3804,3.100430301706313,265.5227294809589
3805,3.417376967458235,274.8893571891069
3806,3.112609742388138,265.5227294809589
3807,2.809823096732075,238.0611665557411
3808,3.15223316225387,194.3761285444285
3809,3.889506996761379,137.4446785945534
3810,4.741221788630184,71.14660093653046
3811,5.857807614217929,0
3812,5.780587106438904,0
3813,4.718736187624561,0
3814,3.942437042845763,0
3815,3.10322464168053,0
3816,2.661686160093762,0
3817,1.937016917126569,0
3818,1.826487612072778,0
3819,1.624898171315094,0
3820,1.425662756308348,0
3821,1.56942429741805,0
3822,2.688544458059106,0
3823,3.68736702134512,0
3824,3.893204140592997,71.14660093653039
3825,3.471203954187283,137.4446785945534
3826,3.045543380747068,194.3761285444285
3827,2.808503727408233,238.061166555741
3828,3.204546800084347,265.5227294809589
3829,3.422894960774313,274.8893571891069
3830,3.301052543435557,265.5227294809589
3831,3.026751541512243,238.0611665557411
3832,3.190630974483996,194.3761285444285
3833,3.603894711640427,137.4446785945534
3834,4.730132249955419,71.14660093653046
3835,5.873251281572728,0
3836,5.553205567993935,0
3837,4.827750221680129,0
3838,3.9118638453895,0
3839,3.174843041252595,0
3840,2.689274720202633,0
3841,2.132129716963697,0
3842,1.77397361230994,0
3843,1.564567199683944,0
3844,1.5076999801874,0
3845,1.638510181609634,0
3846,2.710228672761814,0
3847,3.741750539999739,0
3848,4.117790183253331,71.14660093653039
3849,3.554186321210253,137.4446785945534
3850,3.267720304425662,194.3761285444285
3851,2.806754757176282,238.061166555741
3852,3.086550931862511,265.5227294809589
3853,3.449857953982703,274.8893571891069
3854,3.082895559054546,265.5227294809589
3855,2.866596574370932,238.0611665557411
3856,3.182985889031197,194.3761285444285
3857,3.658109560081614,137.4446785945534
3858,4.906163293325224,71.14660093653046
3859,5.999629907887895,0
3860,5.393143681957309,0
3861,4.70716799088354,0
3862,3.879133718163895,0
3863,3.209932222771479,0
3864,2.655417954882163,0
3865,2.127774813352078,0
3866,1.811515052577198,0
3867,1.590247637346702,0
3868,1.430203641701284,0
3869,1.642526463067623,0
3870,2.714596850098599,0
3871,3.752865513215113,0
3872,4.150803475253947,71.14660093653039
3873,3.614123002011484,137.4446785945534
3874,3.036083218501362,194.3761285444285
3875,2.759754526021404,238.061166555741
3876,3.3183444818976,265.5227294809589
3877,3.494077849292498,274.8893571891069
3878,3.317307647645491,265.5227294809589
3879,2.857017557577083,238.0611665557411
3880,3.04074229539843,194.3761285444285
3881,3.852178956649326,137.4446785945534
3882,4.729785703382809,71.14660093653046
3883,6.082977875048586,0
3884,5.77219923473351,0
3885,4.653630283336883,0
3886,3.886841221514048,0
3887,3.228988257483924,0
3888,2.656941872685183,0
3889,1.939134191032948,0
3890,1.789834199351451,0
3891,1.545819512812808,0
3892,1.408710896982839,0
3893,1.690948900718531,0
3894,2.720555497661298,0
3895,3.796575314447781,0
3896,3.927840295634772,71.14660093653039
3897,3.4449309703513,137.4446785945534
3898,3.27969770082537,194.3761285444285
3899,2.858026423340353,238.061166555741
3900,3.101959460540411,265.5227294809589
3901,3.506018390174179,274.8893571891069
3902,3.20688368647361,265.5227294809589
3903,2.980189106872979,238.0611665557411
3904,3.304257965485792,194.3761285444285
3905,3.591683405383517,137.4446785945534
3906,4.709784901788038,71.14660093653046
3907,5.880942700509014,0
3908,5.711469489234525,0
3909,4.428418089368593,0
3910,4.248385617861718,0
3911,3.075688088246344,0
3912,2.638156097821138,0
3913,1.977060127352712,0
3914,1.809957222571662,0
3915,1.631076297020287,0
3916,1.492088398597585,0
3917,1.646843795190547,0
3918,2.675430843180114,0
3919,3.90211459190204,0
3920,4.087494628109384,71.14660093653039
3921,3.352325664858752,137.4446785945534
3922,3.168594134915994,194.3761285444285
3923,2.987724978073017,238.061166555741
3924,3.047293817436751,265.5227294809589
3925,3.447003432037953,274.8893571891069
3926,3.221595143137297,265.5227294809589
3927,2.824832856451039,238.0611665557411
3928,3.280053993306032,194.3761285444285
3929,3.752387932633765,137.4446785945534
3930,5.095428695664696,71.14660093653046
3931,5.551951512667279,0
3932,5.650482642671043,0
3933,4.629857495804787,0
3934,4.242368569418798,0
3935,3.295036274418555,0
3936,2.511823337741026,0
3937,1.963879221666033,0
3938,1.78132159003102,0
3939,1.681838875500134,0
3940,1.397294566152974,0
3941,1.588950779362779,0
3942,2.501636047361957,0
3943,3.584165952293383,0
3944,4.253904949792985,71.14660093653039
3945,3.636861797061536,137.4446785945534
3946,3.342333093520084,194.3761285444285
3947,2.998065405247508,238.061166555741
3948,3.338088564347343,265.5227294809589
3949,3.496108267710495,274.8893571891069
3950,3.141245001724079,265.5227294809589
3951,2.926357597102066,238.0611665557411
3952,3.076916530456252,194.3761285444285
3953,3.770528930458046,137.4446785945534
3954,5.057586893335801,71.14660093653046
3955,5.602248318117828,0
3956,5.366290606260907,0
3957,4.757889275405704,0
3958,3.881420517632115,0
3959,3.113204097820122,0
3960,2.586896080794024,0
3961,2.011178477479307,0
3962,1.821119437881457,0
3963,1.558567966453309,0
3964,1.3928282904946,0
3965,1.684085023722922,0
3966,2.537034153585876,0
3967,3.922862320272211,0
3968,4.036704978956393,71.14660093653039
3969,3.351347067670596,137.4446785945534
3970,3.131183543722371,194.3761285444285
3971,2.84236666103853,238.061166555741
3972,3.151653930454857,265.5227294809589
3973,3.476413774384333,274.8893571891069
3974,3.123175716532945,265.5227294809589
3975,3.006744093922103,238.0611665557411
3976,3.300642902038538,194.3761285444285
3977,3.849201123598402,137.4446785945534
3978,5.084982961995768,71.14660093653046
3979,6.010944836184514,0
3980,5.736593776962792,0
3981,4.765278908440804,0
3982,4.117347734437153,0
3983,3.164278736641546,0
3984,2.581980309248909,0
3985,2.016630526667049,0
3986,1.768509822928392,0
3987,1.548256472122065,0
3988,1.498700730052429,0
3989,1.614732381015502,0
3990,2.577885545650486,0
3991,3.622254683418576,0
3992,4.037568490672578,71.14660093653039
3993,3.513195667348053,137.4446785945534
3994,3.068362726476474,194.3761285444285
3995,2.756679389413876,238.061166555741
3996,3.116989561061152,265.5227294809589
3997,3.431978748783572,274.8893571891069
3998,3.130822914858917,265.5227294809589
3999,2.926671062352276,238.0611665557411
4000,3.316100042588016,194.3761285444285
4001,3.914689455290669,137.4446785945534
4002,4.862247683478316,71.14660093653046
4003,5.705727649472887,0
4004,5.761716272866661,0
4005,4.396987778789014,0
4006,3.991737169806356,0
4007,3.12346700179682,0
4008,2.585997339695565,0
4009,1.992827051320598,0
4010,1.676234785863254,0
4011,1.677939399324095,0
4012,1.477495610617078,0
4013,1.638859315792396,0
4014,2.646634839565472,0
4015,3.671372153048032,0
4016,3.981122698714288,71.14660093653039
4017,3.307644631299519,137.4446785945534
4018,3.184403274476233,194.3761285444285
4019,2.777011515524439,238.061166555741
4020,3.064140236028396,265.5227294809589
4021,3.308446174321834,274.8893571891069
4022,3.258812300505384,265.5227294809589
4023,2.787307701759617,238.0611665557411
4024,3.160015525928776,194.3761285444285
4025,3.828840578601886,137.4446785945534
4026,4.775835912095975,71.14660093653046
4027,5.852455475864684,0
4028,5.750120994722083,0
4029,4.499280748415987,0
4030,3.999490273518386,0
4031,3.120975680979855,0
4032,2.706058160858381,0
4033,1.934084820436584,0
4034,1.654583929734734,0
4035,1.547158007697606,0
4036,1.438880994188463,0
4037,1.696080098222052,0
4038,2.572202532893834,0
4039,3.848335848555955,0
4040,3.881161296460697,71.14660093653039
4041,3.591910237133711,137.4446785945534
4042,3.048087808479248,194.3761285444285
4043,2.914747028680337,238.061166555741
4044,3.240296381879452,265.5227294809589
4045,3.239934613651842,274.8893571891069
4046,3.093296331996076,265.5227294809589
4047,2.794159323869224,238.0611665557411
4048,3.163922697385182,194.3761285444285
4049,3.726839073477905,137.4446785945534
4050,4.713860369126531,71.14660093653046
4051,5.526220342408813,0
4052,5.644519725925802,0
4053,4.698460997103596,0
4054,4.012699962494624,0
4055,3.308696893267079,0
4056,2.705860284849312,0
4057,2.056280832570255,0
4058,1.751573308126348,0
4059,1.577138234910483,0
4060,1.479596061231078,0
4061,1.693855765804482,0
4062,2.481821752659641,0
4063,3.796474035335673,0
4064,4.177597565335438,71.14660093653039
4065,3.501500456969702,137.4446785945534
4066,3.016018744856948,194.3761285444285
4067,2.819666104263907,238.061166555741
4068,3.116270165216945,265.5227294809589
4069,3.42013313582921,274.8893571891069
4070,3.19599328355423,265.5227294809589
4071,2.850858245967276,238.0611665557411
4072,3.191092817454985,194.3761285444285
4073,3.884330382349069,137.4446785945534
4074,4.680810473588489,71.14660093653046
4075,5.517742421168417,0
4076,5.521600247174732,0
4077,4.53002711163738,0
4078,3.867208208413063,0
4079,3.18671773871091,0
4080,2.467334516037997,0
4081,1.957205412885126,0
4082,1.645766343866963,0
4083,1.596437518452102,0
4084,1.422534557675298,0
4085,1.630584978844074,0
4086,2.57296667060261,0
4087,3.904789640452838,0
4088,4.151486672440595,71.14660093653039
4089,3.569961352689581,137.4446785945534
4090,3.14579612749901,194.3761285444285
4091,2.809163838419213,238.061166555741
4092,3.137623836923555,265.5227294809589
4093,3.375619231679834,274.8893571891069
4094,3.020307100074841,265.5227294809589
4095,2.749488074781715,238.0611665557411
4096,3.208495224759357,194.3761285444285
4097,3.900719820443749,137.4446785945534
4098,4.955169741183392,71.14660093653046
4099,5.829730678419852,0
4100,5.362405663002025,0
4101,4.724176393204394,0
4102,3.944859165572416,0
4103,3.187262259969406,0
4104,2.49739884438673,0
4105,2.068272703000934,0
4106,1.677731053750591,0
4107,1.562459511051752,0
4108,1.418908553336717,0
4109,1.607263560014944,0
4110,2.666122352857282,0
4111,3.738664573406176,0
4112,4.214307303549393,71.14660093653039
4113,3.585959002152509,137.4446785945534
4114,3.326492173571957,194.3761285444285
4115,3.001460648743037,238.061166555741
4116,3.048529798404781,265.5227294809589
4117,3.203418791942994,274.8893571891069
4118,3.189366482530745,265.5227294809589
4119,2.76800729106265,238.0611665557411
4120,3.09489866256496,194.3761285444285
4121,3.87618140061437,137.4446785945534
4122,4.865644552472203,71.14660093653046
4123,6.038840411373328,0
4124,5.735416923547149,0
4125,4.777869755607784,0
4126,3.939894043320156,0
4127,3.27662002012581,0
4128,2.576107299795233,0
4129,1.918995110918345,0
4130,1.752928651055982,0
4131,1.558238909435275,0
4132,1.505653682844622,0
4133,1.597757725152709,0
4134,2.697314371920139,0
4135,3.819427080526975,0
4136,4.085448417618252,71.14660093653039
4137,3.304550592802032,137.4446785945534
4138,3.228256323203143,194.3761285444285
4139,2.920919557011684,238.061166555741
4140,3.074150501633178,265.5227294809589
4141,3.323914821201792,274.8893571891069
4142,3.298191771856074,265.5227294809589
4143,2.76035757252088,238.0611665557411
4144,3.040414361989007,194.3761285444285
4145,3.683475319917463,137.4446785945534
4146,4.896673195237179,71.14660093653046
4147,5.905618417023858,0
4148,5.435165359519477,0
4149,4.781670880656253,0
4150,3.914469876563721,0
4151,3.324855394262719,0
4152,2.466751171911399,0
4153,2.022542683627952,0
4154,1.760231286501768,0
4155,1.607391616770991,0
4156,1.376097729505607,0
4157,1.645675276722589,0
4158,2.470560624606738,0
4159,3.728082097781547,0
4160,3.972547292596592,71.14660093653039
4161,3.462635406038455,137.4446785945534
4162,3.216619142389095,194.3761285444285
4163,2.737080078060077,238.061166555741
4164,3.204879297146129,265.5227294809589
4165,3.43950472735325,274.8893571891069
4166,3.160530150065352,265.5227294809589
4167,2.837325968364862,238.0611665557411
4168,3.302950037910174,194.3761285444285
4169,3.679075467796311,137.4446785945534
4170,4.956808582963614,71.14660093653046
4171,5.669903324048843,0
4172,5.577383900952555,0
4173,4.516902600990673,0
4174,4.186626986238431,0
4175,3.316418401550119,0
4176,2.678195415758498,0
4177,2.094819832349648,0
4178,1.659611084793348,0
4179,1.563534925476205,0
4180,1.376448295486175,0
4181,1.619683329483299,0
4182,2.640133759686601,0
4183,3.786633385968421,0
4184,4.143911847788448,71.14660093653039
4185,3.486125240941897,137.4446785945534
4186,3.071554177117966,194.3761285444285
4187,2.96447414805446,238.061166555741
4188,3.322931353757612,265.5227294809589
4189,3.433462592440037,274.8893571891069
4190,3.253733307144809,265.5227294809589
4191,2.909133995373992,238.0611665557411
4192,3.119852776718967,194.3761285444285
4193,3.892540678478178,137.4446785945534
4194,4.651812517948962,71.14660093653046
4195,5.569316090176846,0
4196,5.595213246951309,0
4197,4.595713759660675,0
4198,4.228112614177664,0
4199,3.1320326470995,0
4200,2.568058091281129,0
4201,2.057464226394551,0
4202,1.706550939074141,0
4203,1.544405684197555,0
4204,1.490677569508609,0
4205,1.63270954736447,0
4206,2.481403753425236,0
4207,3.873427532390618,0
4208,4.026073910401739,71.14660093653039
4209,3.286627644194718,137.4446785945534
4210,3.113339000946979,194.3761285444285
4211,2.92722882267453,238.061166555741
4212,3.072864987164845,265.5227294809589
4213,3.187409842239665,274.8893571891069
4214,3.142797262134403,265.5227294809589
4215,2.897343044384896,238.0611665557411
4216,3.297821450542146,194.3761285444285
4217,3.779393435086039,137.4446785945534
4218,4.845843128593831,71.14660093653046
4219,5.856401832418712,0
4220,5.543272423583534,0
4221,4.479151727775919,0
4222,3.934420266307003,0
4223,3.038851967149522,0
4224,2.570405492759291,0
4225,1.995672993228653,0
4226,1.728451037393204,0
4227,1.662311629052736,0
4228,1.49248276164365,0
4229,1.636186481190046,0
4230,2.664827436261937,0
4231,3.743244046495691,0
4232,4.186390242313188,71.14660093653039
4233,3.346416034342659,137.4446785945534
4234,3.258252006768567,194.3761285444285
4235,2.807953645031576,238.061166555741
4236,3.049483725053706,265.5227294809589
4237,3.298594000875049,274.8893571891069
4238,3.157054112829184,265.5227294809589
4239,2.839536642368048,238.0611665557411
4240,3.287647563820687,194.3761285444285
4241,3.867697366926296,137.4446785945534
4242,4.773928492485206,71.14660093653046
4243,5.676194444796665,0
4244,5.479228553786331,0
4245,4.374964409557018,0
4246,4.158691418120235,0
4247,3.114496177236293,0
4248,2.519516853103172,0
4249,1.950516829432294,0
4250,1.676053752983602,0
4251,1.565414423105534,0
4252,1.479479579288766,0
4253,1.536822351450142,0
4254,2.516734980948337,0
4255,3.588860442490434,0
4256,4.074137812494723,71.14660093653039
4257,3.44624611573573,137.4446785945534
4258,3.273206151830665,194.3761285444285
4259,2.976131715427467,238.061166555741
4260,3.027383326096221,265.5227294809589
4261,3.230609824112611,274.8893571891069
4262,3.084958201511142,265.5227294809589
4263,2.869966533671124,238.0611665557411
4264,3.127235424813907,194.3761285444285
4265,3.57354764435344,137.4446785945534
4266,4.93007089207458,71.14660093653046
4267,5.929590062170479,0
4268,5.504813910220563,0
4269,4.565117123532293,0
4270,4.216430130219635,0
4271,3.258566939019985,0
4272,2.520743922190565,0
4273,2.105798447609585,0
4274,1.751283602652366,0
4275,1.600154965563369,0
4276,1.417130315093986,0
4277,1.660585525074876,0
4278,2.71327996150978,0
4279,3.734110361562082,0
4280,3.988016014127989,71.14660093653039
4281,3.531828199459388,137.4446785945534
4282,3.004985870592894,194.3761285444285
4283,2.866259811382875,238.061166555741
4284,3.305575565844696,265.5227294809589
4285,3.252056138229133,274.8893571891069
4286,3.027429607345786,265.5227294809589
4287,2.802544050191601,238.0611665557411
4288,3.200798838809252,194.3761285444285
4289,3.832459177205195,137.4446785945534
4290,4.93853623644504,71.14660093653046
4291,5.896522273415326,0
4292,5.359398803016594,0
4293,4.397710924131752,0
4294,3.949329865495498,0
4295,3.125608627964936,0
4296,2.676680102837891,0
4297,2.093832666732554,0
4298,1.774084971824083,0
4299,1.584531750627697,0
4300,1.491660895384482,0
4301,1.532660032745738,0
4302,2.63055483519898,0
4303,3.847447005098336,0
4304,4.129967978198393,71.14660093653039
4305,3.326018859107042,137.4446785945534
4306,3.105720816306352,194.3761285444285
4307,2.901352292724508,238.061166555741
4308,3.136886094189005,265.5227294809589
4309,3.306890524247651,274.8893571891069
4310,3.132381302251951,265.5227294809589
4311,2.743819158549827,238.0611665557411
4312,3.23804328247979,194.3761285444285
4313,3.713137942459298,137.4446785945534
4314,5.087725068228418,71.14660093653046
4315,5.690028810815646,0
4316,5.227817324068017,0
4317,4.570260826379208,0
4318,3.878208846668096,0
4319,3.244337962847218,0
4320,2.562841608122883,0
4321,1.958612899269701,0
4322,1.668864971579291,0
4323,1.638042862187041,0
4324,1.462388723720998,0
4325,1.563111372255045,0
4326,2.509610606700071,0
4327,3.706277657040005,0
4328,4.214994553061317,71.14660093653039
4329,3.397013090619992,137.4446785945534
4330,3.148387272313688,194.3761285444285
4331,2.960487779057201,238.061166555741
4332,3.03538136675738,265.5227294809589
4333,3.467943937230843,274.8893571891069
4334,3.016232856193071,265.5227294809589
4335,2.814832257917199,238.0611665557411
4336,3.01573649737495,194.3761285444285
4337,3.626268536397387,137.4446785945534
4338,4.721833887622203,71.14660093653046
4339,6.03181472998515,0
4340,5.724628729347593,0
4341,4.770541858202407,0
4342,3.901693194428697,0
4343,3.169181059632238,0
4344,2.463492504856754,0
4345,2.11075305238912,0
4346,1.699873673416758,0
4347,1.65807700962565,0
4348,1.487345739965096,0
4349,1.664094488562175,0
4350,2.464600982094724,0
4351,3.854469391582765,0
4352,4.112305795307541,77.92246769239043
4353,3.313180354875338,150.5346479845109
4354,3.126631162044071,212.888140786755
4355,2.883249017381548,260.7336586086687
4356,3.253233530625819,290.8106084791455
4357,3.204672696415144,301.0692959690218
4358,3.081922642491832,290.8106084791455
4359,2.967457996283692,260.7336586086688
4360,3.087097801630734,212.888140786755
4361,3.557064593716491,150.5346479845109
4362,5.112376037507366,77.92246769239051
4363,5.566208550253489,0
4364,5.52482344652875,0
4365,4.789560635365429,0
4366,4.009433642546312,0
4367,3.221683619699546,0
4368,2.684263520902519,0
4369,2.059895204194932,0
4370,1.684212152281228,0
4371,1.661522049302571,0
4372,1.466659991839413,0
4373,1.560910814305797,0
4374,2.491088158218832,0
4375,3.787942565236125,0
4376,3.97096581367556,77.92246769239043
4377,3.556084603391355,150.5346479845109
4378,3.122349917396343,212.888140786755
4379,2.833865963881358,260.7336586086687
4380,3.27571166537265,290.8106084791455
4381,3.408386603729163,301.0692959690218
4382,3.046214065186113,290.8106084791455
4383,2.982197465257642,260.7336586086688
4384,3.165066912619833,212.888140786755
4385,3.589418191512375,150.5346479845109
4386,4.999368955807065,77.92246769239051
4387,5.908529938738736,0
4388,5.58191920842386,0
4389,4.751334785957122,0
4390,4.136902471855752,0
4391,3.224234813856349,0
4392,2.535671222355264,0
4393,2.086356298329286,0
4394,1.740265361771461,0
4395,1.672893537592287,0
4396,1.441937147891908,0
4397,1.648137944937687,0
4398,2.603549155535301,0
4399,3.90873498291603,0
4400,4.218743559776325,77.92246769239043
4401,3.610919410222873,150.5346479845109
4402,3.293725402676605,212.888140786755
4403,2.813741734775692,260.7336586086687
4404,3.163065612810831,290.8106084791455
4405,3.27564411622989,301.0692959690218
4406,3.139454284213457,290.8106084791455
4407,2.995001746812935,260.7336586086688
4408,3.125019380139397,212.888140786755
4409,3.798461944261869,150.5346479845109
4410,5.076548521995089,77.92246769239051
4411,5.711058555539974,0
4412,5.574526442083944,0
4413,4.621388501981129,0
4414,3.877909957729205,0
4415,3.223547933174557,0
4416,2.53381029392788,0
4417,2.103952520807877,0
4418,1.66110890558753,0
4419,1.533765170537065,0
4420,1.504655998902849,0
4421,1.654562346859573,0
4422,2.507185846503644,0
4423,3.597306832066735,0
4424,4.163455148330784,77.92246769239043
4425,3.525140953291725,150.5346479845109
4426,3.152320514637419,212.888140786755
4427,2.850251278565456,260.7336586086687
4428,3.152353437373827,290.8106084791455
4429,3.287763250586252,301.0692959690218
4430,3.040736103508449,290.8106084791455
4431,2.892661651157328,260.7336586086688
4432,3.069575971605738,212.888140786755
4433,3.768864640924253,150.5346479845109
4434,5.09840794796193,77.92246769239051
4435,5.478631694610149,0
4436,5.562657322815087,0
4437,4.461260612302342,0
4438,4.139018536582767,0
4439,3.019830225449817,0
4440,2.652936214891325,0
4441,2.079636063375565,0
4442,1.728626540666412,0
4443,1.628400621921675,0
4444,1.501530118472249,0
4445,1.61537725383714,0
4446,2.533081341136578,0
4447,3.919485735754048,0
4448,3.918759421906862,77.92246769239043
4449,3.505700838938011,150.5346479845109
4450,3.139285054167812,212.888140786755
4451,2.867260447887924,260.7336586086687
4452,3.139771054471823,290.8106084791455
4453,3.473433821853455,301.0692959690218
4454,3.279252692907128,290.8106084791455
4455,2.920108898286879,260.7336586086688
4456,3.163018645457641,212.888140786755
4457,3.662645138703538,150.5346479845109
4458,4.900743201502536,77.92246769239051
4459,5.714663861411499,0
4460,5.561822884501177,0
4461,4.634692133909154,0
4462,4.009324534886733,0
4463,3.136606920524373,0
4464,2.631492760015729,0
4465,1.942516542457196,0
4466,1.75850555794857,0
4467,1.656712194962329,0
4468,1.447079651886004,0
4469,1.551155512682549,0
4470,2.484646204589918,0
4471,3.578153044626609,0
4472,4.222218185063766,77.92246769239043
4473,3.585246285973501,150.5346479845109
4474,3.197306380938798,212.888140786755
4475,2.943693334066261,260.7336586086687
4476,3.148480267396169,290.8106084791455
4477,3.329101368266512,301.0692959690218
4478,3.072934969812264,290.8106084791455
4479,2.930545706302454,260.7336586086688
4480,3.14442771384352,212.888140786755
4481,3.679888123021567,150.5346479845109
4482,4.726036375910995,77.92246769239051
4483,5.860184680024862,0
4484,5.558343182501617,0
4485,4.671086905831382,0
4486,3.891371952257425,0
4487,3.081058122223942,0
4488,2.50958743315011,0
4489,1.940412975558143,0
4490,1.761914416431572,0
4491,1.567330208466964,0
4492,1.420004745794412,0
4493,1.684166105996874,0
4494,2.57177837176032,0
4495,3.740619254340795,0
4496,3.941287075940725,77.92246769239043
4497,3.535798461950266,150.5346479845109
4498,3.227103898152807,212.888140786755
4499,2.870670609458193,260.7336586086687
4500,3.038925117598708,290.8106084791455
4501,3.233978666243894,301.0692959690218
4502,3.14718229845536,290.8106084791455
4503,2.768758677476268,260.7336586086688
4504,3.211174510327122,212.888140786755
4505,3.72102750443604,150.5346479845109
4506,4.990128183337036,77.92246769239051
4507,5.805378346948819,0
4508,5.434521800134203,0
4509,4.418677260618376,0
4510,3.919881771825329,0
4511,3.213233999870361,0
4512,2.642120625793754,0
4513,2.013894309452349,0
4514,1.652678406338576,0
4515,1.649776601348685,0
4516,1.458981705784513,0
4517,1.605157420706166,0
4518,2.583664589337827,0
4519,3.684003077342744,0
4520,3.924796554972529,77.92246769239043
4521,3.281035869525005,150.5346479845109
4522,3.310548800689132,212.888140786755
4523,2.872728099469352,260.7336586086687
4524,3.219333336542796,290.8106084791455
4525,3.336547912820561,301.0692959690218
4526,3.015525434775257,290.8106084791455
4527,3.011965414501511,260.7336586086688
4528,3.299178095310701,212.888140786755
4529,3.653012922848783,150.5346479845109
4530,5.034308677624554,77.92246769239051
4531,5.742319017679873,0
4532,5.667540122821038,0
4533,4.566084283205726,0
4534,4.004548836267507,0
4535,3.057641802558676,0
4536,2.631311419740858,0
4537,2.054504914823272,0
4538,1.810212554891739,0
4539,1.534440867525745,0
4540,1.45972926610694,0
4541,1.674081125633761,0
4542,2.71476492034156,0
4543,3.556463388341323,0
4544,3.845839999681863,77.92246769239043
4545,3.612574956247857,150.5346479845109
4546,3.272596802031492,212.888140786755
4547,3.016588267790426,260.7336586086687
4548,3.292713374457143,290.8106084791455
4549,3.423437751878229,301.0692959690218
4550,3.188754264318083,290.8106084791455
4551,2.807917248052342,260.7336586086688
4552,3.30251415048131,212.888140786755
4553,3.619527584289889,150.5346479845109
4554,5.036404121663676,77.92246769239051
4555,5.862345703365674,0
4556,5.618460798781285,0
4557,4.600972143696783,0
4558,4.217878340291332,0
4559,3.152475104753407,0
4560,2.691323581435135,0
4561,1.973809156259443,0
4562,1.758558140995261,0
4563,1.603485072458674,0
4564,1.405379228233955,0
4565,1.685508362612103,0
4566,2.465771946322602,0
4567,3.797712655504641,0
4568,4.04674566651118,77.92246769239043
4569,3.488324858475731,150.5346479845109
4570,3.263180666372603,212.888140786755
4571,2.793475855454785,260.7336586086687
4572,3.184943780280681,290.8106084791455
4573,3.275177076194029,301.0692959690218
4574,3.177702666255513,290.8106084791455
4575,2.995659442384876,260.7336586086688
4576,3.136253565028586,212.888140786755
4577,3.619327972179184,150.5346479845109
4578,4.652460543338849,77.92246769239051
4579,5.955006220392017,0
4580,5.712093293413422,0
4581,4.486183215939392,0
4582,4.010575395342155,0
4583,3.190256715979789,0
4584,2.601086632460361,0
4585,1.92720024132968,0
4586,1.644055977967634,0
4587,1.624397845081421,0
4588,1.367074458075444,0
4589,1.531430438260696,0
4590,2.495594376323194,0
4591,3.784412261756426,0
4592,3.956281903453553,77.92246769239043
4593,3.395117847368595,150.5346479845109
4594,3.201583905000003,212.888140786755
4595,2.909657501213297,260.7336586086687
4596,3.214258669040664,290.8106084791455
4597,3.294535695953196,301.0692959690218
4598,3.062185086079486,290.8106084791455
4599,2.901002827700204,260.7336586086688
4600,3.067831359157013,212.888140786755
4601,3.653764911400437,150.5346479845109
4602,4.805526499669791,77.92246769239051
4603,5.54288882321779,0
4604,5.270500756630862,0
4605,4.38148226955152,0
4606,3.838064257585168,0
4607,3.121060317711063,0
4608,2.609385367402181,0
4609,2.096359070325344,0
4610,1.744461082544007,0
4611,1.581586652739782,0
4612,1.401383337955064,0
4613,1.683592111149909,0
4614,2.661819627790174,0
4615,3.580604073180317,0
4616,4.017690039976011,77.92246769239043
4617,3.600466179246022,150.5346479845109
4618,3.285228822454685,212.888140786755
4619,2.914610262266054,260.7336586086687
4620,3.222538211014466,290.8106084791455
4621,3.266522139893123,301.0692959690218
4622,3.207266194815725,290.8106084791455
4623,2.888807114037959,260.7336586086688
4624,3.14553575641416,212.888140786755
4625,3.857372119225448,150.5346479845109
4626,4.979712990078199,77.92246769239051
4627,5.896396712610022,0
4628,5.209685753697046,0
4629,4.440431739038737,0
4630,3.883297476274753,0
4631,3.280471428057156,0
4632,2.598451869287116,0
4633,1.963243703710134,0
4634,1.779374892949357,0
4635,1.624615216059118,0
4636,1.510858264245096,0
4637,1.674589530994437,0
4638,2.715198227422792,0
4639,3.7147615481549,0
4640,4.152239755889212,77.92246769239043
4641,3.604093606591713,150.5346479845109
4642,3.039498566594951,212.888140786755
4643,2.818736879398234,260.7336586086687
4644,3.23483799213705,290.8106084791455
4645,3.34886543083943,301.0692959690218
4646,3.203288682712953,290.8106084791455
4647,2.761752028797543,260.7336586086688
4648,3.105552738763699,212.888140786755
4649,3.669712926789419,150.5346479845109
4650,4.829394792460159,77.92246769239051
4651,5.78196096170225,0
4652,5.410566936662505,0
4653,4.478661242288878,0
4654,3.941604883424278,0
4655,3.0253100341588,0
4656,2.676205356301748,0
4657,1.946580219458379,0
4658,1.7905611919519,0
4659,1.675842238799881,0
4660,1.386173057429063,0
4661,1.580292245026927,0
4662,2.637174264898876,0
4663,3.564280094655431,0
4664,3.897611052491838,77.92246769239043
4665,3.626831366736228,150.5346479845109
4666,3.32798671851218,212.888140786755
4667,2.85431900245323,260.7336586086687
4668,3.103688133464095,290.8106084791455
4669,3.359290575133506,301.0692959690218
4670,3.325862359321428,290.8106084791455
4671,2.75079419447969,260.7336586086688
4672,3.143152562504298,212.888140786755
4673,3.570636070164573,150.5346479845109
4674,4.869378549899666,77.92246769239051
4675,5.652144893114176,0
4676,5.281533250258662,0
4677,4.627679057555836,0
4678,4.057823836349966,0
4679,3.254705144631419,0
4680,2.481750909601233,0
4681,1.94442678986177,0
4682,1.66517999634558,0
4683,1.655736790330202,0
4684,1.479304829479148,0
4685,1.557607760500585,0
4686,2.674139095204868,0
4687,3.877971756558408,0
4688,4.185378917295574,77.92246769239043
4689,3.586032088263068,150.5346479845109
4690,3.113096507884783,212.888140786755
4691,2.932245046620985,260.7336586086687
4692,3.016097158866078,290.8106084791455
4693,3.472550454748028,301.0692959690218
4694,3.023476932109455,290.8106084791455
4695,2.95547713601615,260.7336586086688
4696,3.083140297166229,212.888140786755
4697,3.713915276815324,150.5346479845109
4698,5.00698713460924,77.92246769239051
4699,5.760743362966,0
4700,5.401163241690214,0
4701,4.783953550518879,0
4702,4.194608779043282,0
4703,3.183732076831497,0
4704,2.471205344221177,0
4705,2.046405848656741,0
4706,1.752332447926976,0
4707,1.618563924857743,0
4708,1.382712771592897,0
4709,1.590094124146415,0
4710,2.5677747838649,0
4711,3.61981453128227,0
4712,4.198968461122506,77.92246769239043
4713,3.561503146217162,150.5346479845109
4714,3.076319865393321,212.888140786755
4715,3.02151702453641,260.7336586086687
4716,3.172240459046034,290.8106084791455
4717,3.284422912292824,301.0692959690218
4718,3.18169966840617,290.8106084791455
4719,2.820767755543181,260.7336586086688
4720,3.310433866532742,212.888140786755
4721,3.825941564161391,150.5346479845109
4722,5.095603496937962,77.92246769239051
4723,5.61941481159618,0
4724,5.436066204937443,0
4725,4.644734625209046,0
4726,4.170199152071186,0
4727,3.15336150165698,0
4728,2.629839341463506,0
4729,2.079203755899277,0
4730,1.794706763226502,0
4731,1.548511443308021,0
4732,1.405585685689464,0
4733,1.695741007588018,0
4734,2.660391738516759,0
4735,3.661961225037811,0
4736,3.918986797281488,77.92246769239043
4737,3.533025981491007,150.5346479845109
4738,3.284907244559444,212.888140786755
4739,2.769097453227467,260.7336586086687
4740,3.051427649189256,290.8106084791455
4741,3.236746577760166,301.0692959690218
4742,3.325274517225388,290.8106084791455
4743,2.966717467886466,260.7336586086688
4744,3.28309341576645,212.888140786755
4745,3.798408151172086,150.5346479845109
4746,5.10693881859718,77.92246769239051
4747,6.061876690975859,0
4748,5.311504342766108,0
4749,4.506370879566139,0
4750,4.102601660387156,0
4751,3.029053189227145,0
4752,2.479615686613547,0
4753,1.925118458247016,0
4754,1.78905033406832,0
4755,1.663793909938584,0
4756,1.456068572174736,0
4757,1.660130662958758,0
4758,2.610370461681446,0
4759,3.679333276461628,0
4760,4.080222259718075,77.92246769239043
4761,3.428684055265205,150.5346479845109
4762,3.21177617770998,212.888140786755
4763,2.999324309528408,260.7336586086687
4764,3.215278808281136,290.8106084791455
4765,3.269341591898042,301.0692959690218
4766,3.246889258926016,290.8106084791455
4767,2.993860804501807,260.7336586086688
4768,3.244368673959052,212.888140786755
4769,3.871767697247131,150.5346479845109
4770,4.840713880865462,77.92246769239051
4771,5.799265625669194,0
4772,5.490936950048099,0
4773,4.45127148987171,0
4774,4.103122025168892,0
4775,3.097081960775726,0
4776,2.624285591433536,0
4777,1.947642467197101,0
4778,1.730690607277878,0
4779,1.613710778929983,0
4780,1.374835077485763,0
4781,1.687922030595333,0
4782,2.55005674482973,0
4783,3.604837196853691,0
4784,4.082333641241875,77.92246769239043
4785,3.366112643648095,150.5346479845109
4786,3.191260264924193,212.888140786755
4787,2.971256409793758,260.7336586086687
4788,3.060480693666949,290.8106084791455
4789,3.33643240977694,301.0692959690218
4790,3.062673460266273,290.8106084791455
4791,2.905689378373313,260.7336586086688
4792,3.134122064274594,212.888140786755
4793,3.865067546421831,150.5346479845109
4794,5.146060497566833,77.92246769239051
4795,5.822479292198319,0
4796,5.48450508992315,0
4797,4.438191927581872,0
4798,4.213317805034374,0
4799,3.324966282558905,0
4800,2.565970413492725,0
4801,2.125944971383491,0
4802,1.7693813396076,0
4803,1.575590626203972,0
4804,1.413198630022818,0
4805,1.597158970370931,0
4806,2.590682595573286,0
4807,3.875237934392267,0
4808,4.108753940568881,77.92246769239043
4809,3.630139016285023,150.5346479845109
4810,3.094800219841853,212.888140786755
4811,3.003749215624755,260.7336586086687
4812,3.130648444569805,290.8106084791455
4813,3.475983812352479,301.0692959690218
4814,3.036772809933225,290.8106084791455
4815,2.780673579717096,260.7336586086688
4816,3.132430559152564,212.888140786755
4817,3.867696363728708,150.5346479845109
4818,4.955778747573603,77.92246769239051
4819,5.882115119902693,0
4820,5.429871301123939,0
4821,4.400965819844704,0
4822,4.209713448028942,0
4823,3.255170304362824,0
4824,2.694959697812218,0
4825,2.093089825291479,0
4826,1.795620938839736,0
4827,1.552912032600046,0
4828,1.45446150167253,0
4829,1.686346741464098,0
4830,2.524892165110306,0
4831,3.706361988219079,0
4832,3.890632401101516,77.92246769239043
4833,3.470731543809923,150.5346479845109
4834,3.165838787993103,212.888140786755
4835,2.998210451970509,260.7336586086687
4836,3.300114668810817,290.8106084791455
4837,3.491027288631473,301.0692959690218
4838,3.202267505284793,290.8106084791455
4839,2.983426398074,260.7336586086688
4840,3.043844558107858,212.888140786755
4841,3.611576028548772,150.5346479845109
4842,4.860683376088643,77.92246769239051
4843,5.635191966634349,0
4844,5.232761085404571,0
4845,4.735315074433766,0
4846,4.065477806314563,0
4847,3.169456577583899,0
4848,2.678646693396314,0
4849,2.081539559942939,0
4850,1.766508149361725,0
4851,1.679710429965607,0
4852,1.451429544234785,0
4853,1.62773285804887,0
4854,2.499721624393206,0
4855,3.738852076055827,0
4856,4.11752686394008,77.92246769239043
4857,3.309052540474476,150.5346479845109
4858,3.071063588871629,212.888140786755
4859,2.905411095946698,260.7336586086687
4860,3.203797488429461,290.8106084791455
4861,3.462661547231182,301.0692959690218
4862,3.232319774709524,290.8106084791455
4863,2.937081301748687,260.7336586086688
4864,3.037696293039797,212.888140786755
4865,3.812783090388896,150.5346479845109
4866,4.876195884383588,77.92246769239051
4867,5.843885233383938,0
4868,5.616723251913826,0
4869,4.803043737370363,0
4870,3.897650175144919,0
4871,3.177813328103126,0
4872,2.657170930871538,0
4873,2.060500106556745,0
4874,1.716343752537314,0
4875,1.632217886711952,0
4876,1.417207465561128,0
4877,1.702661060281487,0
4878,2.518212492620727,0
4879,3.861117364100533,0
4880,3.864699408995442,77.92246769239043
4881,3.398639499060891,150.5346479845109
4882,3.238346699685249,212.888140786755
4883,2.819849341643446,260.7336586086687
4884,3.284908477352955,290.8106084791455
4885,3.455955408922359,301.0692959690218
4886,3.061691425227777,290.8106084791455
4887,2.975303575789968,260.7336586086688
4888,3.324696234700937,212.888140786755
4889,3.668508102129954,150.5346479845109
4890,4.801112002293183,77.92246769239051
4891,5.887545690558703,0
4892,5.263157645855572,0
4893,4.824241677412808,0
4894,3.954022364303136,0
4895,3.228587992033224,0
4896,2.532975193177274,0
4897,2.038225629646996,0
4898,1.695753249030968,0
4899,1.553423846465706,0
4900,1.386770828131726,0
4901,1.704135631997259,0
4902,2.692360207490196,0
4903,3.602427929699588,0
4904,3.99967135301597,77.92246769239043
4905,3.317380687780527,150.5346479845109
4906,3.30768609899572,212.888140786755
4907,2.97172119435296,260.7336586086687
4908,3.17908707613867,290.8106084791455
4909,3.398215666864868,301.0692959690218
4910,3.165827595780371,290.8106084791455
4911,3.017306546321034,260.7336586086688
4912,3.273417479825961,212.888140786755
4913,3.76704483943712,150.5346479845109
4914,5.09684584203573,77.92246769239051
4915,5.618924491287451,0
4916,5.782834221851214,0
4917,4.628270267610182,0
4918,4.016668645553307,0
4919,3.351852193450844,0
4920,2.569528580991089,0
4921,1.950186742978632,0
4922,1.686927617339143,0
4923,1.626067353974449,0
4924,1.504091652668207,0
4925,1.554425328545143,0
4926,2.504514070400119,0
4927,3.828448616029317,0
4928,3.869106923852411,77.92246769239043
4929,3.615528060141858,150.5346479845109
4930,3.052919775184715,212.888140786755
4931,2.951052768567958,260.7336586086687
4932,3.058250276632971,290.8106084791455
4933,3.25569401406485,301.0692959690218
4934,3.355273081477231,290.8106084791455
4935,2.951211966207565,260.7336586086688
4936,3.310151561838359,212.888140786755
4937,3.882511346108668,150.5346479845109
4938,4.88434729864352,77.92246769239051
4939,5.65856448230617,0
4940,5.415183273531886,0
4941,4.472064179671989,0
4942,4.219215218883563,0
4943,3.083598111246157,0
4944,2.572885054307872,0
4945,2.06176058045989,0
4946,1.710339362186638,0
4947,1.686288493976794,0
4948,1.484304829780169,0
4949,1.701908156598468,0
4950,2.69658111589468,0
4951,3.853256907825333,0
4952,4.147653067901827,77.92246769239043
4953,3.320285694602358,150.5346479845109
4954,3.201523522285191,212.888140786755
4955,3.050488338854951,260.7336586086687
4956,3.139495378084807,290.8106084791455
4957,3.282045350332425,301.0692959690218
4958,3.116127969590969,290.8106084791455
4959,2.793896632897228,260.7336586086688
4960,3.194312667617956,212.888140786755
4961,3.843720248278265,150.5346479845109
4962,5.094406027036266,77.92246769239051
4963,5.895403002978199,0
4964,5.488087078956214,0
4965,4.63816866854071,0
4966,4.272363703970699,0
4967,3.058235321370137,0
4968,2.565124613717638,0
4969,2.118048527324117,0
4970,1.683555871925693,0
4971,1.615390280277799,0
4972,1.505803150582646,0
4973,1.631083432519772,0
4974,2.639033699673046,0
4975,3.930413435124151,0
4976,4.201179998548954,77.92246769239043
4977,3.53444107063723,150.5346479845109
4978,3.182589572399884,212.888140786755
4979,2.791898282938051,260.7336586086687
4980,3.188704796429446,290.8106084791455
4981,3.504639962877584,301.0692959690218
4982,3.066686313254561,290.8106084791455
4983,2.92316289014351,260.7336586086688
4984,3.073594171453145,212.888140786755
4985,3.610001343150047,150.5346479845109
4986,5.055343873930044,77.92246769239051
4987,6.078834533664791,0
4988,5.713172472818858,0
4989,4.779105716603142,0
4990,3.966816760662105,0
4991,3.245765868874863,0
4992,2.584815547097387,0
4993,2.05184864892646,0
4994,1.745000387634072,0
4995,1.598003174096773,0
4996,1.453068421735794,0
4997,1.672073940495566,0
4998,2.661815264007433,0
4999,3.706632810255019,0
5000,4.068857005843123,77.92246769239043
5001,3.524045062833054,150.5346479845109
5002,3.320820982088169,212.888140786755
5003,2.772389329126048,260.7336586086687
5004,3.133817858474045,290.8106084791455
5005,3.404956802296438,301.0692959690218
5006,3.128118551625847,290.8106084791455
5007,2.90633723580487,260.7336586086688
5008,3.1131121597135,212.888140786755
5009,3.847190954362437,150.5346479845109
5010,4.898944726619523,77.92246769239051
5011,5.982426399764715,0
5012,5.779747578332725,0
5013,4.66508395940688,0
5014,3.969616716655982,0
5015,3.107518110096802,0
5016,2.614057625927495,0
5017,1.960443366221723,0
5018,1.741839151028795,0
5019,1.57037730895089,0
5020,1.425462874494496,0
5021,1.602903154989251,0
5022,2.619247705526945,0
5023,3.673765740107,0
5024,3.896354195820949,77.92246769239043
5025,3.496150136180307,150.5346479845109
5026,3.146896845720098,212.888140786755
5027,3.052122202860759,260.7336586086687
5028,3.078919947496532,290.8106084791455
5029,3.332443134191803,301.0692959690218
5030,3.364051699720196,290.8106084791455
5031,2.848215019744885,260.7336586086688
5032,3.237705404116844,212.888140786755
5033,3.887922845188602,150.5346479845109
5034,4.907422872434234,77.92246769239051
5035,5.572996970110976,0
5036,5.454100945670594,0
5037,4.792858054305126,0
5038,4.243072575343994,0
5039,3.356812231212341,0
5040,2.671402498287172,0
5041,1.95711533661426,0
5042,1.800842807482708,0
5043,1.57566117996123,0
5044,1.447777912598571,0
5045,1.590915695327169,0
5046,2.707364463821096,0
5047,3.913631562645405,0
5048,4.064364713141935,77.92246769239043
5049,3.565206090628585,150.5346479845109
5050,3.071454289218917,212.888140786755
5051,2.906478990022095,260.7336586086687
5052,3.162175297010407,290.8106084791455
5053,3.316052855814936,301.0692959690218
5054,3.091059069660504,290.8106084791455
5055,2.850210180535135,260.7336586086688
5056,3.184879735132277,212.888140786755
5057,3.94637295742237,150.5346479845109
5058,5.028055575044514,77.92246769239051
5059,5.729078362129556,0
5060,5.351532992622555,0
5061,4.695573953565,0
5062,3.996412564070422,0
5063,3.164629786839063,0
5064,2.531065030911716,0
5065,1.94851189484855,0
5066,1.826558783561938,0
5067,1.658476989717398,0
5068,1.516384689906759,0
5069,1.652610346725233,0
5070,2.549474834235199,0
5071,3.889794146085833,0
5072,4.01978404213501,77.92246769239043
5073,3.356385377929201,150.5346479845109
5074,3.374594876372182,212.888140786755
5075,2.794364873836461,260.7336586086687
5076,3.165191498963418,290.8106084791455
5077,3.548707836070786,301.0692959690218
5078,3.118366242946743,290.8106084791455
5079,2.898374473190983,260.7336586086688
5080,3.188855289361205,212.888140786755
5081,3.904673233961775,150.5346479845109
5082,4.986145690009263,77.92246769239051
5083,6.056167913568906,0
5084,5.703506376858599,0
5085,4.847528419408068,0
5086,4.233530155921428,0
5087,3.359451997503597,0
5088,2.527248426649429,0
5089,2.105163419886185,0
5090,1.766209708033315,0
5091,1.691705504888538,0
5092,1.417413176426173,0
5093,1.591278853404551,0
5094,2.653245515902791,0
5095,3.75534309987682,0
5096,4.282411747006661,98.25006795997054
5097,3.441129860522156,189.8045561543833
5098,3.177227163170965,268.4241775137347
5099,2.927083637298944,328.751134767452
5100,3.35538610987987,366.6742454737052
5101,3.447209656407097,379.6091123087667
5102,3.270582029115674,366.6742454737052
5103,2.953515802701824,328.751134767452
5104,3.168596951831943,268.4241775137347
5105,3.810757852073024,189.8045561543833
5106,4.895313891080095,98.25006795997065
5107,5.588401034327937,0
5108,5.344437144467418,0
5109,4.771821871847066,0
5110,4.109980133556727,0
5111,3.129748600929273,0
5112,2.587970765052211,0
5113,1.992607711681104,0
5114,1.82985727418523,0
5115,1.582561143826134,0
5116,1.533562787759793,0
5117,1.583895362441021,0
5118,2.63414820696221,0
5119,3.663145829076528,0
5120,4.01623622836308,98.25006795997054
5121,3.555351294454348,189.8045561543833
5122,3.291120843970622,268.4241775137347
5123,2.980948073850482,328.751134767452
5124,3.221427458187005,366.6742454737052
5125,3.502110167568115,379.6091123087667
5126,3.209565541879618,366.6742454737052
5127,3.023942836096788,328.751134767452
5128,3.389906163014329,268.4241775137347
5129,4.005672350355988,189.8045561543833
5130,5.150968453020217,98.25006795997065
5131,6.13876889107473,0
5132,5.351022651185819,0
5133,4.659514776902658,0
5134,4.105374563088584,0
5135,3.288281133649344,0
5136,2.592537567346598,0
5137,2.135656092514848,0
5138,1.781216417931235,0
5139,1.650690690693727,0
5140,1.478360925731156,0
5141,1.585417711482517,0
5142,2.746297769779154,0
5143,3.773994153900998,0
5144,4.227949074774154,98.25006795997054
5145,3.424004869524073,189.8045561543833
5146,3.187254205424646,268.4241775137347
5147,2.81649511124954,328.751134767452
5148,3.123340191810006,366.6742454737052
5149,3.289888342820159,379.6091123087667
5150,3.088790664526647,366.6742454737052
5151,3.080408947250529,328.751134767452
5152,3.373676425383537,268.4241775137347
5153,4.00182750621377,189.8045561543833
5154,5.037661128195376,98.25006795997065
5155,5.770274616506795,0
5156,5.437051703516863,0
5157,4.584750221066986,0
5158,3.922317943459313,0
5159,3.381818713470932,0
5160,2.577447219002366,0
5161,2.129248963592214,0
5162,1.822252687693942,0
5163,1.715908755032179,0
5164,1.505626966471453,0
5165,1.572917294697005,0
5166,2.68991517452061,0
5167,3.889689347285409,0
5168,4.24502256610359,98.25006795997054
5169,3.459822148809967,189.8045561543833
5170,3.347018683461769,268.4241775137347
5171,2.97772003527622,328.751134767452
5172,3.368221254225996,366.6742454737052
5173,3.567512473414019,379.6091123087667
5174,3.361616802368697,366.6742454737052
5175,2.921265311325118,328.751134767452
5176,3.32663841758985,268.4241775137347
5177,3.9618487825646,189.8045561543833
5178,5.082040961204402,98.25006795997065
5179,5.845185162820016,0
5180,5.755981239388108,0
5181,4.795893657381285,0
5182,3.977882258577976,0
5183,3.199939977820052,0
5184,2.726412563846977,0
5185,2.032942697955866,0
5186,1.692350676512871,0
5187,1.693196052845729,0
5188,1.476921639051916,0
5189,1.677882465544609,0
5190,2.718254396800992,0
5191,3.740550756169961,0
5192,4.292774626184491,98.25006795997054
5193,3.640117865654011,189.8045561543833
5194,3.349267016677179,268.4241775137347
5195,3.029701202876497,328.751134767452
5196,3.099879913803398,366.6742454737052
5197,3.347404267108419,379.6091123087667
5198,3.146199947084719,366.6742454737052
5199,2.989004364599119,328.751134767452
5200,3.310273815193553,268.4241775137347
5201,3.815982008879974,189.8045561543833
5202,4.927680047951833,98.25006795997065
5203,6.181249195118355,0
5204,5.623020605004651,0
5205,4.610192849221521,0
5206,3.956815350106192,0
5207,3.227553100797605,0
5208,2.696017287201616,0
5209,2.153191554639883,0
5210,1.780364231085751,0
5211,1.668442134108729,0
5212,1.522646130786036,0
5213,1.686910594580219,0
5214,2.703113503294035,0
5215,3.981073496434529,0
5216,3.969190895125037,98.25006795997054
5217,3.516093168631596,189.8045561543833
5218,3.091264159370116,268.4241775137347
5219,2.872461434987786,328.751134767452
5220,3.249159050352592,366.6742454737052
5221,3.549232942483072,379.6091123087667
5222,3.294607278582565,366.6742454737052
5223,2.895852320218058,328.751134767452
5224,3.208557962333783,268.4241775137347
5225,3.911324389212678,189.8045561543833
5226,4.919224720635647,98.25006795997065
5227,6.103832444910998,0
5228,5.739712844837705,0
5229,4.589112650871139,0
5230,3.983134526501934,0
5231,3.205417494596925,0
5232,2.754438716542408,0
5233,2.143948566767788,0
5234,1.775655471121679,0
5235,1.726874517025098,0
5236,1.428913342470214,0
5237,1.622947267190118,0
5238,2.559714182941129,0
5239,3.897947969375723,0
5240,4.307889731701306,98.25006795997054
5241,3.528394986188454,189.8045561543833
5242,3.228821169317431,268.4241775137347
5243,3.023244608006131,328.751134767452
5244,3.158543263437129,366.6742454737052
5245,3.577280893034762,379.6091123087667
5246,3.114492411633628,366.6742454737052
5247,2.958076676722596,328.751134767452
5248,3.175127213754579,268.4241775137347
5249,3.776610555380871,189.8045561543833
5250,5.185854175190013,98.25006795997065
5251,5.733127331790891,0
5252,5.797619210390958,0
5253,4.892625652721394,0
5254,4.047404654829584,0
5255,3.387258117327203,0
5256,2.650762188241989,0
5257,2.018668361319782,0
5258,1.837468386526818,0
5259,1.596474290697093,0
5260,1.52626413314955,0
5261,1.700026852370368,0
5262,2.580467393210279,0
5263,3.895873953949648,0
5264,4.322992035847246,98.25006795997054
5265,3.591692949096447,189.8045561543833
5266,3.38082291504866,268.4241775137347
5267,3.079623097660888,328.751134767452
5268,3.396631802330464,366.6742454737052
5269,3.502536784607767,379.6091123087667
5270,3.270049722618192,366.6742454737052
5271,2.851314302270257,328.751134767452
5272,3.248301387746539,268.4241775137347
5273,3.77474078562853,189.8045561543833
5274,5.260336816820451,98.25006795997065
5275,6.174533773013889,0
5276,5.507202058342689,0
5277,4.866225518073326,0
5278,4.308833053926768,0
5279,3.224715761301713,0
5280,2.581823773510659,0
5281,2.138889009759774,0
5282,1.794084703797054,0
5283,1.67534870926522,0
5284,1.41494972977408,0
5285,1.649055810704145,0
5286,2.603495271314055,0
5287,3.867910436564718,0
5288,4.316195242110306,98.25006795997054
5289,3.385008828036567,189.8045561543833
5290,3.182661658123526,268.4241775137347
5291,2.942055730726938,328.751134767452
5292,3.357024952000317,366.6742454737052
5293,3.290603885517202,379.6091123087667
5294,3.341072802020459,366.6742454737052
5295,3.101991052603178,328.751134767452
5296,3.268462949268751,268.4241775137347
5297,3.769732636364813,189.8045561543833
5298,5.036598143042712,98.25006795997065
5299,5.908832433845735,0
5300,5.754427038542411,0
5301,4.769351123839844,0
5302,4.362595371214033,0
5303,3.406883676128347,0
5304,2.574502991429641,0
5305,2.029979097134943,0
5306,1.718803653696063,0
5307,1.689523621394202,0
5308,1.508463737319318,0
5309,1.698159663821201,0
5310,2.703617467202965,0
5311,3.83051486482372,0
5312,4.275665796232546,98.25006795997054
5313,3.741973781684171,189.8045561543833
5314,3.333048059850226,268.4241775137347
5315,2.8338632548713,328.751134767452
5316,3.431277243811909,366.6742454737052
5317,3.396262681438714,379.6091123087667
5318,3.247599410312797,366.6742454737052
5319,3.104049965746915,328.751134767452
5320,3.133664167051518,268.4241775137347
5321,4.050809543434367,189.8045561543833
5322,4.9632857638551,98.25006795997065
5323,5.82780111696115,0
5324,5.664969878494015,0
5325,4.781476371611023,0
5326,4.210607773978734,0
5327,3.399218865275197,0
5328,2.755735420782165,0
5329,2.123329731182168,0
5330,1.720269549411489,0
5331,1.668514550840614,0
5332,1.541567445728873,0
5333,1.747048162757143,0
5334,2.646642721849655,0
5335,3.864761474405784,0
5336,4.334200565104024,98.25006795997054
5337,3.583664169130076,189.8045561543833
5338,3.199555424125982,268.4241775137347
5339,2.895020576296715,328.751134767452
5340,3.145454972692075,366.6742454737052
5341,3.371758696596569,379.6091123087667
5342,3.371783583571121,366.6742454737052
5343,2.921478051704565,328.751134767452
5344,3.300222021574454,268.4241775137347
5345,3.708457957111556,189.8045561543833
5346,4.891898660724834,98.25006795997065
5347,6.008831348356562,0
5348,5.561128017678236,0
5349,4.956265312825558,0
5350,3.975444312536798,0
5351,3.138163513468788,0
5352,2.643854593566293,0
5353,2.035317273716849,0
5354,1.706231206052731,0
5355,1.620714469744489,0
5356,1.532929156258356,0
5357,1.640474531591195,0
5358,2.584861579721004,0
5359,3.898236135632344,0
5360,4.066327299867114,98.25006795997054
5361,3.413556164586023,189.8045561543833
5362,3.40575005910666,268.4241775137347
5363,2.91872287683078,328.751134767452
5364,3.405073789687028,366.6742454737052
5365,3.458069955043138,379.6091123087667
5366,3.235183134636577,366.6742454737052
5367,3.101896437856102,328.751134767452
5368,3.15696509266346,268.4241775137347
5369,3.870230370602976,189.8045561543833
5370,4.970165987262442,98.25006795997065
5371,5.693481310798095,0
5372,5.428802753879869,0
5373,4.786263973386,0
5374,4.306679360751395,0
5375,3.364171659195417,0
5376,2.739416943596483,0
5377,2.115065118223001,0
5378,1.81816978714433,0
5379,1.616655351728601,0
5380,1.502498144656502,0
5381,1.673753734997194,0
5382,2.733054468932411,0
5383,3.779744966731785,0
5384,4.005150685269384,98.25006795997054
5385,3.456027721989149,189.8045561543833
5386,3.383393987697608,268.4241775137347
5387,3.042834995101563,328.751134767452
5388,3.201535909595682,366.6742454737052
5389,3.407715796822054,379.6091123087667
5390,3.34690833286495,366.6742454737052
5391,2.844706207457151,328.751134767452
5392,3.42987464303184,268.4241775137347
5393,3.993222590656184,189.8045561543833
5394,5.23643354965464,98.25006795997065
5395,5.946698028856327,0
5396,5.492134653712355,0
5397,4.602901689695679,0
5398,4.086308951228983,0
5399,3.223485322394413,0
5400,2.56479969207503,0
5401,2.134265209336083,0
5402,1.754658038287104,0
5403,1.683800303705747,0
5404,1.53155373280034,0
5405,1.66589789198605,0
5406,2.682558525201691,0
5407,3.957790420634766,0
5408,4.196062944740061,98.25006795997054
5409,3.575632870025056,189.8045561543833
5410,3.159582100043456,268.4241775137347
5411,3.073867367647983,328.751134767452
5412,3.401728925329294,366.6742454737052
5413,3.462401878115181,379.6091123087667
5414,3.220329984717687,366.6742454737052
5415,3.030642603618413,328.751134767452
5416,3.314484171662026,268.4241775137347
5417,3.871829524819958,189.8045561543833
5418,5.275270419942071,98.25006795997065
5419,5.863443403355101,0
5420,5.404923496807815,0
5421,4.886222529094776,0
5422,4.184926609154847,0
5423,3.319998359203255,0
5424,2.767500439361296,0
5425,2.177241119462279,0
5426,1.776987362061542,0
5427,1.74205405091733,0
5428,1.49551880786636,0
5429,1.717290672313621,0
5430,2.798381888184915,0
5431,3.721949824723386,0
5432,4.144249504170093,98.25006795997054
5433,3.443023474370955,189.8045561543833
5434,3.443971488121599,268.4241775137347
5435,3.112793155336846,328.751134767452
5436,3.133055279013365,366.6742454737052
5437,3.4834947711938,379.6091123087667
5438,3.154026456078562,366.6742454737052
5439,3.042843139766256,328.751134767452
5440,3.366074235491076,268.4241775137347
5441,3.896727250874861,189.8045561543833
5442,4.86347714970766,98.25006795997065
5443,6.166194422489854,0
5444,5.606573222661869,0
5445,4.956532816445194,0
5446,4.357163891212376,0
5447,3.409044639153296,0
5448,2.619344019703071,0
5449,2.125677746321884,0
5450,1.798385228350324,0
5451,1.742534787068817,0
5452,1.450965598874693,0
5453,1.747710925036047,0
5454,2.753403358631468,0
5455,3.857765555204122,0
5456,4.114409277530263,98.25006795997054
5457,3.546921757273296,189.8045561543833
5458,3.26948720614849,268.4241775137347
5459,3.101115601689055,328.751134767452
5460,3.311431762171695,366.6742454737052
5461,3.441114657638613,379.6091123087667
5462,3.18752904790536,366.6742454737052
5463,2.877637787026706,328.751134767452
5464,3.370985110522756,268.4241775137347
5465,3.994433488145741,189.8045561543833
5466,5.320980626373113,98.25006795997065
5467,5.958421182889953,0
5468,5.603540984944489,0
5469,4.643523881094341,0
5470,4.332528579382934,0
5471,3.451895438936417,0
5472,2.625160530760425,0
5473,2.135126069223537,0
5474,1.763609311669103,0
5475,1.756744195941033,0
5476,1.464741598565388,0
5477,1.619789199245026,0
5478,2.675864835431432,0
5479,3.766543241247825,0
5480,4.074770660252074,98.25006795997054
5481,3.746858620097201,189.8045561543833
5482,3.413169280473344,268.4241775137347
5483,2.996058931455948,328.751134767452
5484,3.368735600867172,366.6742454737052
5485,3.56475257147591,379.6091123087667
5486,3.307213681773178,366.6742454737052
5487,3.103310892518583,328.751134767452
5488,3.178521560141138,268.4241775137347
5489,3.904788907664946,189.8045561543833
5490,5.25216810326306,98.25006795997065
5491,5.882241419602527,0
5492,5.815286640913374,0
5493,4.806283121745213,0
5494,4.206152562405426,0
5495,3.393846261403359,0
5496,2.793947058011533,0
5497,2.063860381958411,0
5498,1.766241561323085,0
5499,1.743122923964122,0
5500,1.434101522431637,0
5501,1.646336170192354,0
5502,2.614624350602743,0
5503,3.781004135035273,0
5504,4.350306081832358,98.25006795997054
5505,3.531803036036762,189.8045561543833
5506,3.300066077869384,268.4241775137347
5507,2.88826308214195,328.751134767452
5508,3.193749073199899,366.6742454737052
5509,3.487062975506453,379.6091123087667
5510,3.364492364639907,366.6742454737052
5511,3.069527937324699,328.751134767452
5512,3.283263459277021,268.4241775137347
5513,4.061909363460789,189.8045561543833
5514,5.002468796949097,98.25006795997065
5515,6.004844600590018,0
5516,5.892727020590898,0
5517,4.634659759666422,0
5518,4.12828678839267,0
5519,3.40653603333779,0
5520,2.58928842720903,0
5521,2.191976359722529,0
5522,1.824887110677867,0
5523,1.717244246061876,0
5524,1.514010562984391,0
5525,1.612745984575466,0
5526,2.646620851733831,0
5527,3.897462707063919,0
5528,4.363096230235973,98.25006795997054
5529,3.622473854392668,189.8045561543833
5530,3.234958924460586,268.4241775137347
5531,2.91056016654665,328.751134767452
5532,3.303392140455977,366.6742454737052
5533,3.559214200627127,379.6091123087667
5534,3.303787870090678,366.6742454737052
5535,3.079212406854759,328.751134767452
5536,3.303192898205852,268.4241775137347
5537,3.923970550105253,189.8045561543833
5538,5.212913730723366,98.25006795997065
5539,6.167840859192206,0
5540,5.937339552220387,0
5541,4.68187183922866,0
5542,4.219481669092653,0
5543,3.410659406313407,0
5544,2.704266555338388,0
5545,2.076796714879287,0
5546,1.821943152499569,0
5547,1.628056275287995,0
5548,1.461904982120853,0
5549,1.760847240821283,0
5550,2.821000721896735,0
5551,3.784250887545278,0
5552,4.187900183990361,98.25006795997054
5553,3.52307731247132,189.8045561543833
5554,3.286779211452417,268.4241775137347
5555,3.096742364828605,328.751134767452
5556,3.457391074720456,366.6742454737052
5557,3.385106485036743,379.6091123087667
5558,3.479592007816422,366.6742454737052
5559,3.073404595881735,328.751134767452
5560,3.180461352297189,268.4241775137347
5561,3.83666999871698,189.8045561543833
5562,5.24805820286018,98.25006795997065
5563,6.156006761853468,0
5564,5.919004155815127,0
5565,4.978581843992217,0
5566,4.132123420546715,0
5567,3.248536141147727,0
5568,2.795021678513176,0
5569,2.139002702891067,0
5570,1.762605979497318,0
5571,1.665137759789734,0
5572,1.528067891822644,0
5573,1.723767555865763,0
5574,2.759148937715996,0
5575,4.101781995264211,0
5576,4.366707983994581,98.25006795997054
5577,3.475841655301611,189.8045561543833
5578,3.24153563786992,268.4241775137347
5579,2.934592126181255,328.751134767452
5580,3.451009689590425,366.6742454737052
5581,3.555037097662993,379.6091123087667
5582,3.416399178075803,366.6742454737052
5583,3.036849191715103,328.751134767452
5584,3.324837277458089,268.4241775137347
5585,3.841536820805362,189.8045561543833
5586,4.928017329797862,98.25006795997065
5587,6.348298207218812,0
5588,5.96424408309475,0
5589,4.902545231080238,0
5590,4.140041583756747,0
5591,3.404994155326059,0
5592,2.776141898854965,0
5593,2.111880991938996,0
5594,1.861927347917898,0
5595,1.753862682637348,0
5596,1.449088797124991,0
5597,1.628988157926135,0
5598,2.69602890189307,0
5599,4.09000174464048,0
5600,4.109171442064193,98.25006795997054
5601,3.77766062811566,189.8045561543833
5602,3.294797584289368,268.4241775137347
5603,3.10853103503736,328.751134767452
5604,3.481977311555044,366.6742454737052
5605,3.640445550398134,379.6091123087667
5606,3.298645819325899,366.6742454737052
5607,2.981256439820887,328.751134767452
5608,3.208569455958381,268.4241775137347
5609,4.122050781820167,189.8045561543833
5610,4.920539227526307,98.25006795997065
5611,6.205990966538612,0
5612,5.687958408097506,0
5613,5.010562762034852,0
5614,4.13771714769264,0
5615,3.300116372766433,0
5616,2.840432925134341,0
5617,2.140124790454875,0
5618,1.850958014165566,0
5619,1.713383385404067,0
5620,1.455471190635447,0
5621,1.726475976908599,0
5622,2.720763451143206,0
5623,4.066560260106275,0
5624,4.243932519334757,98.25006795997054
5625,3.731106521426434,189.8045561543833
5626,3.401483610572922,268.4241775137347
5627,2.946677562050978,328.751134767452
5628,3.412372418459672,366.6742454737052
5629,3.389744804503696,379.6091123087667
5630,3.374840370574033,366.6742454737052
5631,3.14761747497896,328.751134767452
5632,3.232489736012766,268.4241775137347
5633,4.029447201954357,189.8045561543833
5634,5.120713654748756,98.25006795997065
5635,5.922160833819521,0
5636,5.541789677618893,0
5637,4.658070980426776,0
5638,4.470223728834804,0
5639,3.458461205894366,0
5640,2.869538305374062,0
5641,2.04925922234076,0
5642,1.89310769281994,0
5643,1.670457688109338,0
5644,1.501765578673733,0
5645,1.633600459530298,0
5646,2.811644914265791,0
5647,3.841087862627085,0
5648,4.261600334657546,98.25006795997054
5649,3.629422174154876,189.8045561543833
5650,3.270872665060603,268.4241775137347
5651,3.082302692736563,328.751134767452
5652,3.468081213941375,366.6742454737052
5653,3.64908088909458,379.6091123087667
5654,3.388407150213214,366.6742454737052
5655,3.176457849025154,328.751134767452
5656,3.398888461238784,268.4241775137347
5657,4.048337775991696,189.8045561543833
5658,5.239418740729544,98.25006795997065
5659,6.209254956733202,0
5660,5.656087920205199,0
5661,4.896566977246472,0
5662,4.370271241350796,0
5663,3.415972622310939,0
5664,2.797363131253276,0
5665,2.086789528277067,0
5666,1.884788783405911,0
5667,1.793013588607946,0
5668,1.519055768988572,0
5669,1.635564666816074,0
5670,2.747948244299445,0
5671,3.7817246956851,0
5672,4.196859619597928,98.25006795997054
5673,3.623473108750387,189.8045561543833
5674,3.461674008279072,268.4241775137347
5675,2.963873896519826,328.751134767452
5676,3.48670835147594,366.6742454737052
5677,3.586967995541332,379.6091123087667
5678,3.344904727070137,366.6742454737052
5679,3.057434863499056,328.751134767452
5680,3.318703437487235,268.4241775137347
5681,4.086485015032133,189.8045561543833
5682,5.204452341150557,98.25006795997065
5683,6.031705451408904,0
5684,5.585020809417039,0
5685,4.861621043787309,0
5686,4.096444509688074,0
5687,3.502415724276376,0
5688,2.725454253263634,0
5689,2.125129394015633,0
5690,1.885763910063351,0
5691,1.757242344299183,0
5692,1.461563946545286,0
5693,1.791018065842271,0
5694,2.888317733940558,0
5695,4.14448283416577,0
5696,4.389216297941614,98.25006795997054
5697,3.808647358519857,189.8045561543833
5698,3.361442421119638,268.4241775137347
5699,3.018649960244691,328.751134767452
5700,3.341309641748199,366.6742454737052
5701,3.542912250090228,379.6091123087667
5702,3.312200616617377,366.6742454737052
5703,3.151103085164564,328.751134767452
5704,3.519674052419996,268.4241775137347
5705,4.178166459977865,189.8045561543833
5706,5.400952940439369,98.25006795997065
5707,6.331007368571945,0
5708,5.766669909590024,0
5709,4.841985659101196,0
5710,4.382783252498605,0
5711,3.520357793325506,0
5712,2.87468646725074,0
5713,2.12804956573646,0
5714,1.758120386298644,0
5715,1.78723068692042,0
5716,1.483796854810236,0
5717,1.75803005969403,0
5718,2.82742115642957,0
5719,3.817862815163777,0
5720,4.431028521953197,98.25006795997054
5721,3.64419180242322,189.8045561543833
5722,3.281353604567123,268.4241775137347
5723,2.916584504751071,328.751134767452
5724,3.54225778200475,366.6742454737052
5725,3.716998926917439,379.6091123087667
5726,3.31145095587044,366.6742454737052
5727,2.982434665422321,328.751134767452
5728,3.542140597918678,268.4241775137347
5729,4.075754047011405,189.8045561543833
5730,5.154027121959885,98.25006795997065
5731,6.06354110605975,0
5732,6.064897071574757,0
5733,4.730685142669022,0
5734,4.309345697890765,0
5735,3.322005257364414,0
5736,2.831839425254917,0
5737,2.198923272315185,0
5738,1.804436176723719,0
5739,1.759475354791827,0
5740,1.591887556793832,0
5741,1.665049212290584,0
5742,2.808356135388644,0
5743,4.066990461301938,0
5744,4.469684314621146,98.25006795997054
5745,3.677504325662397,189.8045561543833
5746,3.421694656282839,268.4241775137347
5747,3.189817074218307,328.751134767452
5748,3.227746248605694,366.6742454737052
5749,3.633954251535993,379.6091123087667
5750,3.434595930874751,366.6742454737052
5751,3.22360793299557,328.751134767452
5752,3.369793442771217,268.4241775137347
5753,4.144483779913873,189.8045561543833
5754,5.38670623236416,98.25006795997065
5755,6.074406462877882,0
5756,5.792787112968448,0
5757,4.999337003263906,0
5758,4.115351335855976,0
5759,3.241046876040851,0
5760,2.744024235116852,0
5761,2.133253044015923,0
5762,1.86949594038444,0
5763,1.738157939604157,0
5764,1.562608746443827,0
5765,1.747224118873191,0
5766,2.875401972300994,0
5767,4.149638636010716,0
5768,4.373663871483468,98.25006795997054
5769,3.786162222007668,189.8045561543833
5770,3.55237863735129,268.4241775137347
5771,3.118775058983259,328.751134767452
5772,3.278475056482204,366.6742454737052
5773,3.420982486087688,379.6091123087667
5774,3.55138637674584,366.6742454737052
5775,2.957107103406632,328.751134767452
5776,3.297393521052032,268.4241775137347
5777,3.995831718681426,189.8045561543833
5778,5.436855791841103,98.25006795997065
5779,6.304964303027369,0
5780,6.094664977081673,0
5781,5.103391091163179,0
5782,4.187573480718716,0
5783,3.246036197162426,0
5784,2.880331111426411,0
5785,2.188228495997365,0
5786,1.79910742219656,0
5787,1.787401397359793,0
5788,1.601071901113722,0
5789,1.801535387415506,0
5790,2.729503486833976,0
5791,4.047563541274122,0
5792,4.363338856186293,98.25006795997054
5793,3.644306106246807,189.8045561543833
5794,3.539206107902493,268.4241775137347
5795,3.183001619062035,328.751134767452
5796,3.270353428523853,366.6742454737052
5797,3.691679565584304,379.6091123087667
5798,3.420455065206019,366.6742454737052
5799,3.163326401355723,328.751134767452
5800,3.566269163107888,268.4241775137347
5801,4.012994924360233,189.8045561543833
5802,5.462773456430659,98.25006795997065
5803,6.451420958985789,0
5804,6.003244644463197,0
5805,5.16451359548314,0
5806,4.335807524065855,0
5807,3.342232865187804,0
5808,2.767798794573656,0
5809,2.178910734161186,0
5810,1.772062647366907,0
5811,1.796414731659719,0
5812,1.56053305055867,0
5813,1.786072988233514,0
5814,2.782881468544543,0
5815,3.899612469642419,0
5816,4.271544579691559,98.25006795997054
5817,3.702094514404574,189.8045561543833
5818,3.361130588253827,268.4241775137347
5819,3.222639275940784,328.751134767452
5820,3.233325981387664,366.6742454737052
5821,3.462994584175902,379.6091123087667
5822,3.409237207643326,366.6742454737052
5823,3.238837322280478,328.751134767452
5824,3.522574416237463,268.4241775137347
5825,4.224801842825686,189.8045561543833
5826,5.036024081066865,98.25006795997065
5827,6.352780775365696,0
5828,5.659777875063293,0
5829,4.807478192709914,0
5830,4.158855931617999,0
5831,3.489674959992622,0
5832,2.869345682981681,0
5833,2.129749806492638,0
5834,1.898958653604481,0
5835,1.715183669486593,0
5836,1.572501215200103,0
5837,1.751656642991019,0
5838,2.726651440714834,0
5839,3.843331434258124,0
5840,4.163044092168212,121.9656016054807
5841,3.726679854409348,235.6194490192345
5842,3.471210492878358,333.2162203618774
5843,2.990233738084823,408.104856952699
5844,3.382305281956815,455.1818219673581
5845,3.482398544130157,471.238898038469
5846,3.464251167389754,455.1818219673581
5847,2.993250260614992,408.104856952699
5848,3.512695395340395,333.2162203618774
5849,4.171690242602,235.6194490192345
5850,5.510268348347252,121.9656016054808
5851,6.044699757065518,0
5852,6.141484850453395,0
5853,4.886510714417347,0
5854,4.283239774163913,0
5855,3.414146303786184,0
5856,2.799901970055688,0
5857,2.094069822482795,0
5858,1.797591374970189,0
5859,1.656966209387639,0
5860,1.478835770538724,0
5861,1.737049718339571,0
5862,2.89849780382317,0
5863,3.935234427871493,0
5864,4.422667948515037,121.9656016054807
5865,3.688769110246532,235.6194490192345
5866,3.329786410285012,333.2162203618774
5867,3.259892506393521,408.104856952699
5868,3.280151653407501,455.1818219673581
5869,3.533834623380077,471.238898038469
5870,3.302833391758345,455.1818219673581
5871,3.096359573367983,408.104856952699
5872,3.554063981772021,333.2162203618774
5873,4.079443997269967,235.6194490192345
5874,5.201291776398885,121.9656016054808
5875,6.158557039374279,0
5876,5.676632951376012,0
5877,5.016169692049711,0
5878,4.323530744073699,0
5879,3.283241494344187,0
5880,2.937580953397983,0
5881,2.122588705000767,0
5882,1.950475024036977,0
5883,1.77123553074153,0
5884,1.54457968723742,0
5885,1.668835831365646,0
5886,2.911314543459669,0
5887,4.031569648052185,0
5888,4.546968410401899,121.9656016054807
5889,3.7472624524144,235.6194490192345
5890,3.439763043255117,333.2162203618774
5891,3.064591261935773,408.104856952699
5892,3.459522150421455,455.1818219673581
5893,3.511625585350166,471.238898038469
5894,3.541299507973572,455.1818219673581
5895,3.20456698878792,408.104856952699
5896,3.272352318905079,333.2162203618774
5897,3.946015688390809,235.6194490192345
5898,5.449868817499395,121.9656016054808
5899,6.372947439649785,0
5900,5.784963004673611,0
5901,4.783586513311718,0
5902,4.410355632280131,0
5903,3.27032605254967,0
5904,2.929042879249059,0
5905,2.15809773123903,0
5906,1.785676509334313,0
5907,1.757964817031823,0
5908,1.587827610161836,0
5909,1.666514096427081,0
5910,2.73903359240238,0
5911,4.225582528306417,0
5912,4.386797018609959,121.9656016054807
5913,3.756727587063578,235.6194490192345
5914,3.470489327833074,333.2162203618774
5915,3.264842363085423,408.104856952699
5916,3.336663939658123,455.1818219673581
5917,3.484910552697199,471.238898038469
5918,3.339779759731682,455.1818219673581
5919,3.104686535120953,408.104856952699
5920,3.475326561356801,333.2162203618774
5921,4.098719711340631,235.6194490192345
5922,5.088243511555104,121.9656016054808
5923,6.388700301268558,0
5924,5.662935209125017,0
5925,4.992308445520742,0
5926,4.322306918414627,0
5927,3.30921332798289,0
5928,2.774009443586263,0
5929,2.15343725195446,0
5930,1.862049353687566,0
5931,1.825601332482895,0
5932,1.495180485555196,0
5933,1.828198143203637,0
5934,2.933993381121702,0
5935,3.874336951832024,0
5936,4.508264517629186,121.9656016054807
5937,3.673534769414605,235.6194490192345
5938,3.27724901748715,333.2162203618774
5939,3.278020248873808,408.104856952699
5940,3.371859778024556,455.1818219673581
5941,3.607384320067553,471.238898038469
5942,3.306180126303917,455.1818219673581
5943,3.196091385330061,408.104856952699
5944,3.46249570391708,333.2162203618774
5945,3.970143316209266,235.6194490192345
5946,5.216749164906602,121.9656016054808
5947,6.439347467425701,0
5948,6.227281832149886,0
5949,5.207885706837146,0
5950,4.434467108876883,0
5951,3.543474342506282,0
5952,2.730208152729228,0
5953,2.129528288921144,0
5954,1.890780251111893,0
5955,1.763542550883257,0
5956,1.540858309277026,0
5957,1.83603772270526,0
5958,2.887295996216498,0
5959,4.077392484733205,0
5960,4.564639724151355,121.9656016054807
5961,3.702288919297457,235.6194490192345
5962,3.619235839616426,333.2162203618774
5963,3.008903602637156,408.104856952699
5964,3.438906594369743,455.1818219673581
5965,3.633223656213906,471.238898038469
5966,3.538853837789498,455.1818219673581
5967,2.996137324194834,408.104856952699
5968,3.527735952097703,333.2162203618774
5969,3.929570165155248,235.6194490192345
5970,5.268869781902746,121.9656016054808
5971,6.223177267763875,0
5972,5.950348199478881,0
5973,4.800843439992717,0
5974,4.325827131815196,0
5975,3.502980911881748,0
5976,2.733522536561012,0
5977,2.166925837738927,0
5978,1.918861829756329,0
5979,1.795999726788122,0
5980,1.631353811679508,0
5981,1.746060994015862,0
5982,2.807634661827139,0
5983,4.070585777642326,0
5984,4.37592158535119,121.9656016054807
5985,3.716243415136855,235.6194490192345
5986,3.586012088162014,333.2162203618774
5987,3.210481616749004,408.104856952699
5988,3.495446212001206,455.1818219673581
5989,3.539206841041034,471.238898038469
5990,3.456062575900973,455.1818219673581
5991,3.045431583446093,408.104856952699
5992,3.450813920199679,333.2162203618774
5993,3.995166515777746,235.6194490192345
5994,5.488399017276883,121.9656016054808
5995,6.461928438117369,0
5996,5.721104700829547,0
5997,5.060726583847979,0
5998,4.206386405961315,0
5999,3.555683090648889,0
6000,2.771437948707804,0
6001,2.310319996456045,0
6002,1.916054741763296,0
6003,1.832803993991007,0
6004,1.598868012347704,0
6005,1.786890308796991,0
6006,2.730209492280419,0
6007,3.916965667432544,0
6008,4.625162662429527,121.9656016054807
6009,3.619020106581845,235.6194490192345
6010,3.326637306581107,333.2162203618774
6011,3.03264824297753,408.104856952699
6012,3.549661464142104,455.1818219673581
6013,3.530720869737615,471.238898038469
6014,3.520809327273267,455.1818219673581
6015,3.178209132513369,408.104856952699
6016,3.336683403367017,333.2162203618774
6017,4.025511108838272,235.6194490192345
6018,5.34989406312431,121.9656016054808
6019,6.154964335691345,0
6020,6.23146467684109,0
6021,5.103166683476486,0
6022,4.434384060628716,0
6023,3.633108782983024,0
6024,2.746114148852756,0
6025,2.236893950803478,0
6026,1.866797305241588,0
6027,1.854151067888868,0
6028,1.570546311488574,0
6029,1.680215846586974,0
6030,2.898754046841675,0
6031,4.03128488676217,0
6032,4.429605335124825,121.9656016054807
6033,3.681962894856638,235.6194490192345
6034,3.617681740568075,333.2162203618774
6035,3.122794784255023,408.104856952699
6036,3.537887554303917,455.1818219673581
6037,3.821864156873196,471.238898038469
6038,3.471711125932033,455.1818219673581
6039,3.306566437661306,408.104856952699
6040,3.509709395862297,333.2162203618774
6041,4.217847262854456,235.6194490192345
6042,5.105359311874902,121.9656016054808
6043,6.332265948813379,0
6044,6.263869399004092,0
6045,5.114775068659807,0
6046,4.396504690113892,0
6047,3.584213284727415,0
6048,2.911411861510214,0
6049,2.243688619818365,0
6050,1.844161162754593,0
6051,1.809992191192595,0
6052,1.513698049569847,0
6053,1.799449460257523,0
6054,2.870674639022034,0
6055,3.917990677007301,0
6056,4.432809723913845,121.9656016054807
6057,3.900954207736131,235.6194490192345
6058,3.497629371715394,333.2162203618774
6059,3.054332358822477,408.104856952699
6060,3.411207165386652,455.1818219673581
6061,3.684116433675241,471.238898038469
6062,3.324568314636431,455.1818219673581
6063,3.321979158982105,408.104856952699
6064,3.611408397767926,333.2162203618774
6065,4.032117342932065,235.6194490192345
6066,5.434349795863722,121.9656016054808
6067,6.06933361104806,0
6068,6.159844630511082,0
6069,5.067712827857228,0
6070,4.27295810678556,0
6071,3.45289428217581,0
6072,2.925546861438515,0
6073,2.251983073093045,0
6074,1.856903903606146,0
6075,1.764011939760351,0
6076,1.631962918368812,0
6077,1.703411421979033,0
6078,2.724824531964336,0
6079,4.213795072353961,0
6080,4.478071011937165,121.9656016054807
6081,3.757537062109022,235.6194490192345
6082,3.501164536857802,333.2162203618774
6083,3.31646803749627,408.104856952699
6084,3.519236054453716,455.1818219673581
6085,3.840541298240331,471.238898038469
6086,3.462494109507564,455.1818219673581
6087,3.058707611778204,408.104856952699
6088,3.472718862470865,333.2162203618774
6089,4.129077257534648,235.6194490192345
6090,5.422388839820572,121.9656016054808
6091,6.198082050382239,0
6092,6.197745720812378,0
6093,5.115695752633525,0
6094,4.556370003596433,0
6095,3.501078148397197,0
6096,2.910334409739494,0
6097,2.195344574119167,0
6098,1.865985486870491,0
6099,1.811646080599389,0
6100,1.651029283964149,0
6101,1.772738738048847,0
6102,2.912815413162533,0
6103,3.951103221585355,0
6104,4.593146466175382,121.9656016054807
6105,3.880144530816562,235.6194490192345
6106,3.344114463856751,333.2162203618774
6107,3.323653274572679,408.104856952699
6108,3.377085572439709,455.1818219673581
6109,3.649252957222063,471.238898038469
6110,3.405847324458989,455.1818219673581
6111,3.203295040604659,408.104856952699
6112,3.540273812260303,333.2162203618774
6113,3.955540857475813,235.6194490192345
6114,5.478098350205591,121.9656016054808
6115,6.424888868935768,0
6116,6.010720340901605,0
6117,4.880518349878094,0
6118,4.621522042931669,0
6119,3.342683654552693,0
6120,2.738823928804448,0
6121,2.136916282483239,0
6122,1.860928971334452,0
6123,1.727687335342361,0
6124,1.590112287551141,0
6125,1.76106250880379,0
6126,2.949569969023011,0
6127,4.069763639965936,0
6128,4.29492544269941,121.9656016054807
6129,3.913799179469506,235.6194490192345
6130,3.438789083322849,333.2162203618774
6131,3.274165263481748,408.104856952699
6132,3.459182225993747,455.1818219673581
6133,3.813342106195483,471.238898038469
6134,3.598683582385873,455.1818219673581
6135,3.316053449314596,408.104856952699
6136,3.535672019295965,333.2162203618774
6137,4.138679213762742,235.6194490192345
6138,5.418339205149125,121.9656016054808
6139,6.178674163021179,0
6140,6.261443477886772,0
6141,4.878654630752967,0
6142,4.539838090426264,0
6143,3.417008111754766,0
6144,2.998877018892158,0
6145,2.183996379790899,0
6146,1.919988021682201,0
6147,1.788593727381449,0
6148,1.647924330084531,0
6149,1.823835599088317,0
6150,2.836583368294148,0
6151,4.205165155903705,0
6152,4.672937143332235,121.9656016054807
6153,3.668275985634061,235.6194490192345
6154,3.370658236685921,333.2162203618774
6155,3.203488971182171,408.104856952699
6156,3.456984080072581,455.1818219673581
6157,3.524272799802596,471.238898038469
6158,3.405644895800741,455.1818219673581
6159,3.215356597398855,408.104856952699
6160,3.56784979208249,333.2162203618774
6161,4.130315122011928,235.6194490192345
6162,5.691942115007567,121.9656016054808
6163,6.515454408913436,0
6164,5.958288308826788,0
6165,5.298483142560467,0
6166,4.584351402357873,0
6167,3.440058947510382,0
6168,2.883685242598907,0
6169,2.154639290713047,0
6170,1.869668818046821,0
6171,1.745936399216365,0
6172,1.583819276606988,0
6173,1.844020287863417,0
6174,2.826059777754149,0
6175,3.977137341949614,0
6176,4.361026560600579,121.9656016054807
6177,3.899425226028835,235.6194490192345
6178,3.447643702583551,333.2162203618774
6179,3.198477217935664,408.104856952699
6180,3.347609571666997,455.1818219673581
6181,3.807999659973357,471.238898038469
6182,3.514389714792527,455.1818219673581
6183,3.338772089740337,408.104856952699
6184,3.591191238192495,333.2162203618774
6185,4.015712764463809,235.6194490192345
6186,5.357997777221515,121.9656016054808
6187,6.220939800341528,0
6188,6.285832570277365,0
6189,5.308293370707316,0
6190,4.337389153480117,0
6191,3.397710668665985,0
6192,2.780636708670472,0
6193,2.220816510492554,0
6194,1.952400898714048,0
6195,1.827392501658385,0
6196,1.535116306473678,0
6197,1.818107938014851,0
6198,2.79430742576276,0
6199,4.109003986531792,0
6200,4.447944561673008,121.9656016054807
6201,3.660722855420786,235.6194490192345
6202,3.486020484690719,333.2162203618774
6203,3.168267699818239,408.104856952699
6204,3.705273827434429,455.1818219673581
6205,3.886558141065246,471.238898038469
6206,3.70596908356598,455.1818219673581
6207,3.301375727783583,408.104856952699
6208,3.514176485483187,333.2162203618774
6209,4.264108102507887,235.6194490192345
6210,5.492316404316824,121.9656016054808
6211,6.623110611554772,0
6212,6.043389699469113,0
6213,4.908494841626564,0
6214,4.494121559495702,0
6215,3.374201909232518,0
6216,2.8385017205168,0
6217,2.204623644183343,0
6218,2.011932616540459,0
6219,1.864205791506738,0
6220,1.567653271446412,0
6221,1.720224940959578,0
6222,3.02154244604821,0
6223,4.205402300288582,0
6224,4.313296941728791,121.9656016054807
6225,3.67489874013599,235.6194490192345
6226,3.620966085545611,333.2162203618774
6227,3.068803456809477,408.104856952699
6228,3.397446916794222,455.1818219673581
6229,3.845517606568364,471.238898038469
6230,3.60650041096931,455.1818219673581
6231,3.090867046737762,408.104856952699
6232,3.550970215175485,333.2162203618774
6233,4.204119139296952,235.6194490192345
6234,5.27897324027822,121.9656016054808
6235,6.315489452559683,0
6236,6.153568571830232,0
6237,4.916531686135612,0
6238,4.595827430194008,0
6239,3.688553988466886,0
6240,2.767878321567951,0
6241,2.311502859305214,0
6242,1.952678080798989,0
6243,1.790961502892708,0
6244,1.564675553614703,0
6245,1.79364811014553,0
6246,2.754757109417139,0
6247,4.222480490668177,0
6248,4.497644310285915,121.9656016054807
6249,3.704956287095873,235.6194490192345
6250,3.585866316683703,333.2162203618774
6251,3.22460089509954,408.104856952699
6252,3.472688468803788,455.1818219673581
6253,3.677435255236171,471.238898038469
6254,3.56080979378039,455.1818219673581
6255,3.279261548537297,408.104856952699
6256,3.602049588042727,333.2162203618774
6257,4.138985522848,235.6194490192345
6258,5.461150239747623,121.9656016054808
6259,6.473728978074456,0
6260,5.936244848006155,0
6261,5.355924992427962,0
6262,4.589080182431947,0
6263,3.625410120366039,0
6264,2.961835149310303,0
6265,2.370014547285388,0
6266,2.021232986308792,0
6267,1.738025992891162,0
6268,1.689671425163084,0
6269,1.889398809280251,0
6270,2.880353257610953,0
6271,4.242842797035411,0
6272,4.482715352352056,121.9656016054807
6273,3.957215712207046,235.6194490192345
6274,3.451267023522909,333.2162203618774
6275,3.309694418353285,408.104856952699
6276,3.457830468717922,455.1818219673581
6277,3.815712326379418,471.238898038469
6278,3.549701511628673,455.1818219673581
6279,3.263051490396831,408.104856952699
6280,3.465468628769124,333.2162203618774
6281,4.142157947475291,235.6194490192345
6282,5.548746030832735,121.9656016054808
6283,6.512028304637152,0
6284,6.220983282686024,0
6285,5.328096000867523,0
6286,4.404466462722887,0
6287,3.712544544397075,0
6288,2.822338010042804,0
6289,2.260958091968935,0
6290,1.914997274888097,0
6291,1.727339541380253,0
6292,1.63954376093159,0
6293,1.735256956830342,0
6294,3.054611807778387,0
6295,4.402258046180092,0
6296,4.724799095693157,121.9656016054807
6297,3.824516999579481,235.6194490192345
6298,3.646033972227719,333.2162203618774
6299,3.222109131309767,408.104856952699
6300,3.51139251766443,455.1818219673581
6301,3.88164142355144,471.238898038469
6302,3.736969365090538,455.1818219673581
6303,3.224308195509915,408.104856952699
6304,3.50323168870161,333.2162203618774
6305,4.055015258486381,235.6194490192345
6306,5.519960357456517,121.9656016054808
6307,6.465413273471886,0
6308,5.981939581005323,0
6309,5.124830636483763,0
6310,4.678714631148097,0
6311,3.453421817933536,0
6312,2.947627422638226,0
6313,2.170683082292086,0
6314,1.870957970173799,0
6315,1.740629549497657,0
6316,1.593126996154805,0
6317,1.788996671865376,0
6318,2.96043332601388,0
6319,4.30994659556117,0
6320,4.606082247261494,121.9656016054807
6321,4.061565630025922,235.6194490192345
6322,3.70430473918884,333.2162203618774
6323,3.373810080725516,408.104856952699
6324,3.715981537273475,455.1818219673581
6325,3.722847589251333,471.238898038469
6326,3.683391078962439,455.1818219673581
6327,3.311843377559228,408.104856952699
6328,3.618613440905147,333.2162203618774
6329,4.306171842588519,235.6194490192345
6330,5.27310460839724,121.9656016054808
6331,6.315263036306807,0
6332,6.243291159869265,0
6333,4.948789945209966,0
6334,4.763263804193279,0
6335,3.523526300247413,0
6336,3.023086716501317,0
6337,2.196260100814911,0
6338,2.045327734195955,0
6339,1.82894904541747,0
6340,1.650513585514083,0
6341,1.865056040577146,0
6342,2.843140028747207,0
6343,4.103133207741378,0
6344,4.57246761098064,121.9656016054807
6345,3.845809177257391,235.6194490192345
6346,3.46975555928487,333.2162203618774
6347,3.131902479600734,408.104856952699
6348,3.654333002567943,455.1818219673581
6349,3.793687300765169,471.238898038469
6350,3.589769100176488,455.1818219673581
6351,3.304117521723488,408.104856952699
6352,3.657851521514679,333.2162203618774
6353,4.159454755957105,235.6194490192345
6354,5.402574388728538,121.9656016054808
6355,6.506724935589921,0
6356,6.081704321662017,0
6357,5.332278726011255,0
6358,4.723282552474882,0
6359,3.706894659400701,0
6360,2.922171641399556,0
6361,2.187514688427425,0
6362,1.940388793913273,0
6363,1.878840242834254,0
6364,1.586646425259683,0
6365,1.913485284522352,0
6366,2.833757518353535,0
6367,4.419509230255874,0
6368,4.754751691625341,121.9656016054807
6369,3.972664547121307,235.6194490192345
6370,3.593372518833009,333.2162203618774
6371,3.126925058542157,408.104856952699
6372,3.55513831170068,455.1818219673581
6373,3.738157511600606,471.238898038469
6374,3.708499381398046,455.1818219673581
6375,3.406439957994138,408.104856952699
6376,3.733908658952503,333.2162203618774
6377,4.091195187052517,235.6194490192345
6378,5.521009668266051,121.9656016054808
6379,6.218098693875511,0
6380,6.096761296529343,0
6381,5.052401483527407,0
6382,4.432386655798449,0
6383,3.481031763660059,0
6384,2.813013651520651,0
6385,2.355548713277656,0
6386,1.88564955944529,0
6387,1.820415929405448,0
6388,1.697949445313753,0
6389,1.907460984609601,0
6390,3.007732997423385,0
6391,4.307730478597819,0
6392,4.602148839193855,121.9656016054807
6393,3.875042436379733,235.6194490192345
6394,3.428930543666096,333.2162203618774
6395,3.299829669028898,408.104856952699
6396,3.472896988212225,455.1818219673581
6397,3.739116798038905,471.238898038469
6398,3.567340182939512,455.1818219673581
6399,3.28643700529363,408.104856952699
6400,3.458733808990984,333.2162203618774
6401,4.145057862008537,235.6194490192345
6402,5.699520660236195,121.9656016054808
6403,6.781199764416982,0
6404,6.109286529254404,0
6405,5.338989149946845,0
6406,4.683667703172717,0
6407,3.770872723593986,0
6408,2.927422085006964,0
6409,2.235383623633727,0
6410,1.968876843633685,0
6411,1.832520986119258,0
6412,1.577683306265396,0
6413,1.75378027525277,0
6414,3.038510333918527,0
6415,4.349639818001432,0
6416,4.557253193969548,121.9656016054807
6417,3.943697593851258,235.6194490192345
6418,3.667887779472473,333.2162203618774
6419,3.369537098188609,408.104856952699
6420,3.675948755781235,455.1818219673581
6421,3.63370739041651,471.238898038469
6422,3.520943613233536,455.1818219673581
6423,3.322532259415146,408.104856952699
6424,3.580631191392566,333.2162203618774
6425,4.273885460759043,235.6194490192345
6426,5.715120783795899,121.9656016054808
6427,6.853259694883455,0
6428,6.121813338724029,0
6429,5.160888894389072,0
6430,4.766268833320261,0
6431,3.57592523977539,0
6432,2.916951134400025,0
6433,2.396990446298788,0
6434,1.904054342630865,0
6435,1.83394868682061,0
6436,1.634670585667156,0
6437,1.889528658632048,0
6438,2.823133209286017,0
6439,4.13183022359785,0
6440,4.468768609481132,121.9656016054807
6441,3.802073834933525,235.6194490192345
6442,3.465561477423065,333.2162203618774
6443,3.12931721672964,408.104856952699
6444,3.5807154776691,455.1818219673581
6445,3.857164833131243,471.238898038469
6446,3.579821588247402,455.1818219673581
6447,3.362260167279288,408.104856952699
6448,3.7352026028438,333.2162203618774
6449,4.399258711661524,235.6194490192345
6450,5.854521822777131,121.9656016054808
6451,6.728505529505549,0
6452,6.19033917679944,0
6453,5.013201987539872,0
6454,4.606272492183052,0
6455,3.681906576123732,0
6456,3.077219294697195,0
6457,2.192329514655244,0
6458,2.066481894404975,0
6459,1.794810278441732,0
6460,1.579882079784307,0
6461,1.835811737361498,0
6462,3.064951027418132,0
6463,4.306027514919634,0
6464,4.528181197752827,121.9656016054807
6465,3.789747807907447,235.6194490192345
6466,3.520485565817272,333.2162203618774
6467,3.372754161512911,408.104856952699
6468,3.512510575089376,455.1818219673581
6469,3.633812150763569,471.238898038469
6470,3.500335333387601,455.1818219673581
6471,3.326894233086178,408.104856952699
6472,3.790032822379883,333.2162203618774
6473,4.471876794743449,235.6194490192345
6474,5.488584739666143,121.9656016054808
6475,6.81578628804672,0
6476,6.320709541930439,0
6477,5.426617349802787,0
6478,4.6803689756612,0
6479,3.687112715347494,0
6480,2.864785485932973,0
6481,2.225758917133912,0
6482,2.056883140661833,0
6483,1.829117563111866,0
6484,1.650510539370443,0
6485,1.829516654238296,0
6486,3.022121331165814,0
6487,4.140603236494544,0
6488,4.688526998288898,121.9656016054807
6489,4.076799320181357,235.6194490192345
6490,3.601955894099674,333.2162203618774
6491,3.233488934228738,408.104856952699
6492,3.458945338061842,455.1818219673581
6493,3.772642852864834,471.238898038469
6494,3.696549954417878,455.1818219673581
6495,3.439374042697828,408.104856952699
6496,3.635705556348271,333.2162203618774
6497,4.472979799694956,235.6194490192345
6498,5.705332839364256,121.9656016054808
6499,6.806953546914945,0
6500,6.379085794058054,0
6501,5.122226531387967,0
6502,4.770137997091682,0
6503,3.485333798495824,0
6504,2.840587733485252,0
6505,2.211031743232008,0
6506,1.885146711972159,0
6507,1.810893644605307,0
6508,1.681747720839747,0
6509,1.937963400627596,0
6510,3.10848292821046,0
6511,4.220795148333178,0
6512,4.686233214341938,121.9656016054807
6513,4.036100131800191,235.6194490192345
6514,3.708455869741926,333.2162203618774
6515,3.282300159121743,408.104856952699
6516,3.535794401991625,455.1818219673581
6517,3.917438335017622,471.238898038469
6518,3.72841526745226,455.1818219673581
6519,3.163044981422959,408.104856952699
6520,3.802206225272402,333.2162203618774
6521,4.118382782018092,235.6194490192345
6522,5.823289636895458,121.9656016054808
6523,6.339975518762651,0
6524,6.297002296494281,0
6525,5.242085212523198,0
6526,4.658447528378034,0
6527,3.633428042629531,0
6528,2.996881624232056,0
6529,2.415120327432501,0
6530,2.081182964572595,0
6531,1.817391104779512,0
6532,1.671862283244311,0
6533,1.819498363641835,0
6534,3.107452288968548,0
6535,4.297958219472418,0
6536,4.710000292087147,121.9656016054807
6537,4.115882502857477,235.6194490192345
6538,3.479155393967696,333.2162203618774
6539,3.267414876459859,408.104856952699
6540,3.588989122463914,455.1818219673581
6541,3.866694157939476,471.238898038469
6542,3.508403037204237,455.1818219673581
6543,3.322192995036601,408.104856952699
6544,3.609539498140187,333.2162203618774
6545,4.346172386522936,235.6194490192345
6546,5.543819718577132,121.9656016054808
6547,6.660064318602451,0
6548,6.463471391104838,0
6549,5.345339874041876,0
6550,4.813643730373753,0
6551,3.654147410698378,0
6552,2.907458644477604,0
6553,2.314330700991976,0
6554,1.970598780804353,0
6555,1.815663488473322,0
6556,1.592526874681517,0
6557,1.893345956763705,0
6558,3.049315990357957,0
6559,4.319686867884906,0
6560,4.583349889718999,152.4570020068508
6561,4.127275867465309,294.524311274043
6562,3.775078365478474,416.5202754523468
6563,3.174157850928503,510.1310711908737
6564,3.540394413714234,568.9772774591977
6565,3.676423813329648,589.0486225480862
6566,3.667146609837403,568.9772774591977
6567,3.368821132603585,510.1310711908738
6568,3.812590392158706,416.5202754523468
6569,4.425586212566696,294.524311274043
6570,5.799242945935176,152.457002006851
6571,6.934287634332396,0
6572,6.038017055590529,0
6573,5.22420355588744,0
6574,4.873802391995324,0
6575,3.574176749372229,0
6576,3.142491717072657,0
6577,2.333247253701585,0
6578,2.080735425471847,0
6579,1.776087237007725,0
6580,1.696117264552559,0
6581,1.948554317436295,0
6582,3.145188946559879,0
6583,4.217743905705673,0
6584,4.432199988041122,152.4570020068508
6585,3.835084902727597,294.524311274043
6586,3.589517632669462,416.5202754523468
6587,3.218509793077521,510.1310711908737
6588,3.804474837335097,568.9772774591977
6589,3.841962075031293,589.0486225480862
6590,3.818098208659013,568.9772774591977
6591,3.418924664811613,510.1310711908738
6592,3.76238544535626,416.5202754523468
6593,4.385274672488843,294.524311274043
6594,5.407116223425237,152.457002006851
6595,6.352925927586311,0
6596,6.25839644626915,0
6597,5.570867178362086,0
6598,4.689470050847383,0
6599,3.612741655101816,0
6600,2.890877683678618,0
6601,2.316175676039494,0
6602,1.984601712070605,0
6603,1.805571868789669,0
6604,1.718096342831141,0
6605,1.885585062173152,0
6606,2.959138063072756,0
6607,4.291142975461899,0
6608,4.555531327466332,152.4570020068508
6609,3.865061554474635,294.524311274043
6610,3.658316685792349,416.5202754523468
6611,3.288165834149028,510.1310711908737
6612,3.550509194451938,568.9772774591977
6613,3.861677957614931,589.0486225480862
6614,3.644280899150401,568.9772774591977
6615,3.290544137546982,510.1310711908738
6616,3.81061735504775,416.5202754523468
6617,4.213434409862703,294.524311274043
6618,5.731726750121386,152.457002006851
6619,6.909678967561594,0
6620,6.41886559127959,0
6621,5.439698981017877,0
6622,4.485206445832359,0
6623,3.790781102902175,0
6624,2.951107015754295,0
6625,2.325355410856736,0
6626,1.979272336959276,0
6627,1.934971750452727,0
6628,1.731718596355633,0
6629,1.812603734328246,0
6630,2.914773052978752,0
6631,4.312672542926211,0
6632,4.749845400407472,152.4570020068508
6633,4.204644327097537,294.524311274043
6634,3.568488112147762,416.5202754523468
6635,3.198068592333052,510.1310711908737
6636,3.534694638565276,568.9772774591977
6637,3.976199442187667,589.0486225480862
6638,3.728660607954981,568.9772774591977
6639,3.473798516375562,510.1310711908738
6640,3.50312419072984,416.5202754523468
6641,4.149677988822468,294.524311274043
6642,5.51922460615794,152.457002006851
6643,6.729187497538574,0
6644,6.366393954134019,0
6645,5.552526069494605,0
6646,4.790761489480714,0
6647,3.59476433599606,0
6648,2.938496329640476,0
6649,2.354305810166468,0
6650,2.06115002015735,0
6651,1.856187622279867,0
6652,1.651408107871395,0
6653,1.788991759898327,0
6654,2.87476381980252,0
6655,4.323984503055923,0
6656,4.727388347975901,152.4570020068508
6657,4.184403293780115,294.524311274043
6658,3.536828912316788,416.5202754523468
6659,3.30491984965392,510.1310711908737
6660,3.644213108706175,568.9772774591977
6661,3.734601794853616,589.0486225480862
6662,3.606290375592667,568.9772774591977
6663,3.283538545272785,510.1310711908738
6664,3.587250375693756,416.5202754523468
6665,4.285981417323049,294.524311274043
6666,5.756658607974165,152.457002006851
6667,6.69632946303101,0
6668,6.540023930634118,0
6669,5.207914710991476,0
6670,4.556306681856396,0
6671,3.794561339648968,0
6672,2.93476122294048,0
6673,2.28573450325826,0
6674,1.968715332361941,0
6675,1.79866994357283,0
6676,1.745330960736837,0
6677,1.809897433085816,0
6678,2.901713377209522,0
6679,4.161186455106813,0
6680,4.673489838767904,152.4570020068508
6681,4.087185463865158,294.524311274043
6682,3.822245758099174,416.5202754523468
6683,3.467697889877576,510.1310711908737
6684,3.860228995681357,568.9772774591977
6685,4.043186841146706,589.0486225480862
6686,3.598510104335685,568.9772774591977
6687,3.457546564632191,510.1310711908738
6688,3.831320901737465,416.5202754523468
6689,4.490996910012139,294.524311274043
6690,5.928195839668098,152.457002006851
6691,6.789784927902832,0
6692,6.654230982074026,0
6693,5.634665696841338,0
6694,4.941469961273346,0
6695,3.826634382831668,0
6696,3.043643959752403,0
6697,2.433157790711269,0
6698,1.96009705610692,0
6699,1.836023061417899,0
6700,1.634839716518048,0
6701,1.842365800657286,0
6702,3.03696904808034,0
6703,4.369154457169534,0
6704,4.652588248780133,152.4570020068508
6705,4.038436785409477,294.524311274043
6706,3.562050762603144,416.5202754523468
6707,3.459913842415723,510.1310711908737
6708,3.701885171865506,568.9772774591977
6709,3.883010960431608,589.0486225480862
6710,3.646647679492664,568.9772774591977
6711,3.383879074195041,510.1310711908738
6712,3.555358123170217,416.5202754523468
6713,4.332555721056364,294.524311274043
6714,5.652821609608622,152.457002006851
6715,6.860418262806868,0
6716,6.45448175245151,0
6717,5.661276008913214,0
6718,4.837100160244261,0
6719,3.748585608770777,0
6720,2.983983422552966,0
6721,2.399276318235015,0
6722,2.081362838082238,0
6723,1.892198454919224,0
6724,1.73670664936293,0
6725,1.867332589348056,0
6726,2.942758136897019,0
6727,4.590149871690183,0
6728,4.539679195666732,152.4570020068508
6729,4.101370277996139,294.524311274043
6730,3.695862733778481,416.5202754523468
6731,3.295644546801035,510.1310711908737
6732,3.850398028866774,568.9772774591977
6733,3.782699938232299,589.0486225480862
6734,3.729995469149666,568.9772774591977
6735,3.244688985919161,510.1310711908738
6736,3.637176439313334,416.5202754523468
6737,4.239586502245838,294.524311274043
6738,5.867046129282913,152.457002006851
6739,6.522433567890028,0
6740,6.305635369993312,0
6741,5.516804573742381,0
6742,4.717048224990261,0
6743,3.562605186018224,0
6744,2.943339156435843,0
6745,2.287109167907069,0
6746,2.104574495685445,0
6747,1.981164331690095,0
6748,1.61544148348672,0
6749,1.924568493417217,0
6750,2.971797545060975,0
6751,4.443471096248535,0
6752,4.796902603095909,152.4570020068508
6753,4.225117803914648,294.524311274043
6754,3.827646193459232,416.5202754523468
6755,3.221967917796597,510.1310711908737
6756,3.879007925301638,568.9772774591977
6757,3.778209011523737,589.0486225480862
6758,3.588308749467619,568.9772774591977
6759,3.504976604558217,510.1310711908738
6760,3.765214395567224,416.5202754523468
6761,4.248529354406761,294.524311274043
6762,5.81392801268584,152.457002006851
6763,6.556123577168979,0
6764,6.708973766620145,0
6765,5.654553957985493,0
6766,4.73154148870366,0
6767,3.777474449731147,0
6768,3.146500552644304,0
6769,2.351493926999638,0
6770,1.984686780176823,0
6771,1.926252590133408,0
6772,1.616874439558026,0
6773,1.99097481406851,0
6774,2.923196026110535,0
6775,4.514929364616027,0
6776,4.893531866581418,152.4570020068508
6777,4.136699371852132,294.524311274043
6778,3.648534992861246,416.5202754523468
6779,3.414803248532612,510.1310711908737
6780,3.763404101123635,568.9772774591977
6781,4.027836693327891,589.0486225480862
6782,3.85019158187901,568.9772774591977
6783,3.388738781665841,510.1310711908738
6784,3.631203615258531,416.5202754523468
6785,4.59609716229879,294.524311274043
6786,5.58297153695696,152.457002006851
6787,7.104451516592674,0
6788,6.320141550677496,0
6789,5.279126705871742,0
6790,4.8343997788894,0
6791,3.608063074188697,0
6792,3.099317150553947,0
6793,2.427287249220214,0
6794,1.944912451577276,0
6795,1.973789186514147,0
6796,1.715514917884429,0
6797,1.822132701680081,0
6798,3.05389662051702,0
6799,4.615249358422546,0
6800,4.895254151308232,152.4570020068508
6801,4.163812038144639,294.524311274043
6802,3.853875601738104,416.5202754523468
6803,3.249971173701246,510.1310711908737
6804,3.803928441314039,568.9772774591977
6805,4.119214724362396,589.0486225480862
6806,3.653782989897275,568.9772774591977
6807,3.331003921791814,510.1310711908738
6808,3.827328106142106,416.5202754523468
6809,4.575094576247406,294.524311274043
6810,5.610408797324975,152.457002006851
6811,6.969622974415271,0
6812,6.683967345122105,0
6813,5.638394385482481,0
6814,4.558802873713828,0
6815,3.669741546034324,0
6816,3.065869312652947,0
6817,2.502830247300001,0
6818,1.971257527420883,0
6819,1.830319052883789,0
6820,1.625330817298898,0
6821,1.94476534282839,0
6822,3.102128035799279,0
6823,4.412145189259631,0
6824,4.974232589063135,152.4570020068508
6825,3.898499239103263,294.524311274043
6826,3.568812740549521,416.5202754523468
6827,3.439433821234505,510.1310711908737
6828,3.8419747739509,568.9772774591977
6829,3.862739640722258,589.0486225480862
6830,3.827149277943812,568.9772774591977
6831,3.46119298078512,510.1310711908738
6832,3.770987843338937,416.5202754523468
6833,4.328875312133933,294.524311274043
6834,5.540862426738169,152.457002006851
6835,6.590369732434625,0
6836,6.702368721731149,0
6837,5.485717625708421,0
6838,4.820017690920441,0
6839,3.839245795690843,0
6840,3.015712332310095,0
6841,2.39026708350673,0
6842,1.958038171233602,0
6843,1.841478529075771,0
6844,1.678107012558441,0
6845,1.92492748690956,0
6846,3.220055737361906,0
6847,4.333184187068485,0
6848,4.965986735937024,152.4570020068508
6849,4.086002010207745,294.524311274043
6850,3.57312271423204,416.5202754523468
6851,3.489718604238562,510.1310711908737
6852,3.604997876820211,568.9772774591977
6853,4.088276158235004,589.0486225480862
6854,3.590551234438741,568.9772774591977
6855,3.394179391273933,510.1310711908738
6856,3.775949758274998,416.5202754523468
6857,4.323497243662598,294.524311274043
6858,5.67821432747134,152.457002006851
6859,6.58831118071604,0
6860,6.205551446420323,0
6861,5.637511744530517,0
6862,4.790065887076803,0
6863,3.627684134809833,0
6864,3.168166068822159,0
6865,2.396251594182246,0
6866,2.085821990369073,0
6867,1.993362841778419,0
6868,1.735217587107146,0
6869,1.991170897466051,0
6870,3.184667792000314,0
6871,4.312870931174698,0
6872,4.835616613808128,152.4570020068508
6873,3.923973597161766,294.524311274043
6874,3.795679623302677,416.5202754523468
6875,3.432720583779412,510.1310711908737
6876,3.827246263112154,568.9772774591977
6877,3.887048863096225,589.0486225480862
6878,3.636234313768475,568.9772774591977
6879,3.549046597189066,510.1310711908738
6880,3.900903571332361,416.5202754523468
6881,4.400645502906914,294.524311274043
6882,5.77754727464991,152.457002006851
6883,6.723703330151123,0
6884,6.634111295961791,0
6885,5.272525522825121,0
6886,4.676271509073261,0
6887,3.905117908780759,0
6888,3.157062298196175,0
6889,2.463751435462468,0
6890,2.160158767563047,0
6891,1.918388569302604,0
6892,1.636178908904059,0
6893,1.873026930695117,0
6894,3.056306127475334,0
6895,4.438929403748427,0
6896,4.702797027321604,152.4570020068508
6897,4.307003630049753,294.524311274043
6898,3.605386983880721,416.5202754523468
6899,3.46700652542112,510.1310711908737
6900,3.765417479331961,568.9772774591977
6901,3.807644916519823,589.0486225480862
6902,3.588406385804833,568.9772774591977
6903,3.534821451044612,510.1310711908738
6904,3.636210529693913,416.5202754523468
6905,4.571820039123542,294.524311274043
6906,6.082197036337064,152.457002006851
6907,6.696198720958714,0
6908,6.615648159623603,0
6909,5.235732916399187,0
6910,5.040947943641635,0
6911,3.829941324318357,0
6912,2.971257039241912,0
6913,2.401390655548281,0
6914,2.149966937045619,0
6915,1.976523953062458,0
6916,1.726681240637287,0
6917,1.880258295419815,0
6918,3.029086920285584,0
6919,4.588764360281659,0
6920,4.829697278922779,152.4570020068508
6921,4.241938449705466,294.524311274043
6922,3.813643782834942,416.5202754523468
6923,3.59295808187268,510.1310711908737
6924,3.881834011008672,568.9772774591977
6925,3.815581241193296,589.0486225480862
6926,3.873472377945262,568.9772774591977
6927,3.351593198165974,510.1310711908738
6928,3.876103867018764,416.5202754523468
6929,4.423604038951837,294.524311274043
6930,6.040340945217148,152.457002006851
6931,7.005823965234302,0
6932,6.215980948675908,0
6933,5.287853209273761,0
6934,4.598329131500123,0
6935,3.88674209060846,0
6936,3.111572740930963,0
6937,2.452069497950137,0
6938,2.001778739827544,0
6939,1.990043632466345,0
6940,1.697951345200747,0
6941,1.959228329602348,0
6942,2.99315296118256,0
6943,4.383050465913121,0
6944,4.92557898222847,152.4570020068508
6945,3.980240241497541,294.524311274043
6946,3.699558919499156,416.5202754523468
6947,3.573931726371198,510.1310711908737
6948,3.737846030059266,568.9772774591977
6949,4.163300684160192,589.0486225480862
6950,3.623376921511604,568.9772774591977
6951,3.398142344946559,510.1310711908738
6952,3.917364706955492,416.5202754523468
6953,4.402567893554333,294.524311274043
6954,6.109411499349106,152.457002006851
6955,6.609187644455515,0
6956,6.845561593034189,0
6957,5.316689396552236,0
6958,4.682246647349072,0
6959,3.752367512568394,0
6960,2.998474054778748,0
6961,2.376736211494127,0
6962,2.14767550258379,0
6963,2.008335304733544,0
6964,1.711237053586748,0
6965,1.904495966828166,0
6966,2.960451449052056,0
6967,4.641430773826704,0
6968,4.686137088546224,152.4570020068508
6969,4.20273521837579,294.524311274043
6970,3.806394467424321,416.5202754523468
6971,3.568446621424097,510.1310711908737
6972,3.783492759309703,568.9772774591977
6973,4.016597639388237,589.0486225480862
6974,3.647655480623761,568.9772774591977
6975,3.402657607194861,510.1310711908738
6976,3.812498952120642,416.5202754523468
6977,4.391525063964276,294.524311274043
6978,5.663797173498681,152.457002006851
6979,6.655780417244278,0
6980,6.735863057786013,0
6981,5.672808339249401,0
6982,4.795967738346103,0
6983,3.978658282813268,0
6984,3.123293921599923,0
6985,2.463078473986434,0
6986,2.131555179984878,0
6987,1.87488797474032,0
6988,1.732097655450457,0
6989,2.029801336475308,0
6990,3.027627304499097,0
6991,4.56635910112804,0
6992,5.064577224719478,152.4570020068508
6993,4.110888835989388,294.524311274043
6994,3.633531995330145,416.5202754523468
6995,3.29907874547188,510.1310711908737
6996,3.717223160213355,568.9772774591977
6997,4.053736020968262,589.0486225480862
6998,3.705344916793084,568.9772774591977
6999,3.421531873587693,510.1310711908738
7000,3.87804669595192,416.5202754523468
7001,4.617642003958178,294.524311274043
7002,5.798630858569541,152.457002006851
7003,7.206810875485449,0
7004,6.547713872315383,0
7005,5.616549758965895,0
7006,5.062030816237723,0
7007,3.967372769654186,0
7008,3.118481152449434,0
7009,2.547031420036108,0
7010,2.023659020601845,0
7011,1.922069478068524,0
7012,1.663661309355235,0
7013,2.030041613925618,0
7014,3.063670663968037,0
7015,4.691849381803855,0
7016,4.723507170883949,152.4570020068508
7017,4.268274299267295,294.524311274043
7018,3.634166940675307,416.5202754523468
7019,3.480654050411497,510.1310711908737
7020,3.989375243808389,568.9772774591977
7021,3.901881046959772,589.0486225480862
7022,3.921006076190957,568.9772774591977
7023,3.507403170916045,510.1310711908738
7024,3.751735031201327,416.5202754523468
7025,4.49317175183393,294.524311274043
7026,5.923855887776621,152.457002006851
7027,6.97483874085462,0
7028,6.898432921438439,0
7029,5.57545678184559,0
7030,4.878222517376893,0
7031,3.911212238050557,0
7032,3.090035549409281,0
7033,2.35511592509949,0
7034,1.981330553443315,0
7035,1.897268959412057,0
7036,1.679958293495646,0
7037,1.891620667009196,0
7038,3.004043809759754,0
7039,4.393313792307224,0
7040,4.803802119513159,152.4570020068508
7041,4.123022024115571,294.524311274043
7042,3.907889870037482,416.5202754523468
7043,3.325872582589794,510.1310711908737
7044,3.882150190615651,568.9772774591977
7045,4.034139456493066,589.0486225480862
7046,3.86314515510608,568.9772774591977
7047,3.453125220315715,510.1310711908738
7048,3.87389382654857,416.5202754523468
7049,4.419417362291461,294.524311274043
7050,5.776148389659225,152.457002006851
7051,7.259880400765283,0
7052,6.892185523882124,0
7053,5.702863564756314,0
7054,4.85658212558718,0
7055,3.781423486301371,0
7056,3.000648814559908,0
7057,2.470246994543116,0
7058,2.113299316927038,0
7059,1.871177434923579,0
7060,1.68484251115377,0
7061,1.858646092944335,0
7062,3.225693771963401,0
7063,4.687357808997061,0
7064,4.781434698916643,152.4570020068508
7065,4.219306385323533,294.524311274043
7066,3.766859928786169,416.5202754523468
7067,3.617220257201658,510.1310711908737
7068,3.760206837084573,568.9772774591977
7069,4.025742840601514,589.0486225480862
7070,3.982446397719603,568.9772774591977
7071,3.358914130101367,510.1310711908738
7072,3.871732772537304,416.5202754523468
7073,4.402073082362447,294.524311274043
7074,5.979850365471309,152.457002006851
7075,6.960478785159763,0
7076,6.85492057864202,0
7077,5.716324136037227,0
7078,4.733369294577281,0
7079,3.948061489572342,0
7080,3.068746491401605,0
7081,2.418423763860606,0
7082,1.990791465293773,0
7083,1.989842632232697,0
7084,1.827601168980846,0
7085,2.004052580893986,0
7086,3.125598243775641,0
7087,4.442157425081355,0
7088,5.031903615529742,152.4570020068508
7089,4.163711774781691,294.524311274043
7090,3.732687148655798,416.5202754523468
7091,3.44911823499369,510.1310711908737
7092,3.666618072507788,568.9772774591977
7093,4.18945825845158,589.0486225480862
7094,3.653794027424737,568.9772774591977
7095,3.650360203175079,510.1310711908738
7096,3.965502252730585,416.5202754523468
7097,4.566803764775746,294.524311274043
7098,5.756762812644325,152.457002006851
7099,7.133557704750922,0
7100,6.97150816963858,0
7101,5.712264675091585,0
7102,5.128118332705181,0
7103,3.724134500732331,0
7104,3.053580238541036,0
7105,2.454176140434804,0
7106,2.057233490626051,0
7107,1.87130089515006,0
7108,1.670030553307913,0
7109,1.922082212397079,0
7110,3.116508615075137,0
7111,4.690202363437979,0
7112,4.959930694943335,152.4570020068508
7113,4.048819046498742,294.524311274043
7114,3.83935487737968,416.5202754523468
7115,3.325915581287318,510.1310711908737
7116,3.996002448748614,568.9772774591977
7117,3.897756308486431,589.0486225480862
7118,3.959432337624375,568.9772774591977
7119,3.454252085759885,510.1310711908738
7120,3.950165572931221,416.5202754523468
7121,4.379157259471351,294.524311274043
7122,5.69124753004049,152.457002006851
7123,7.237528532592065,0
7124,6.503081777706381,0
7125,5.763663490935159,0
7126,4.994132152516015,0
7127,3.708355894886732,0
7128,3.228472137041414,0
7129,2.3683400172533,0
7130,2.160617391578272,0
7131,2.034532327128486,0
7132,1.700706692008634,0
7133,1.871514539011752,0
7134,3.098026776800519,0
7135,4.607721369729616,0
7136,4.762528358779779,152.4570020068508
7137,4.101340544029646,294.524311274043
7138,3.991061233810751,416.5202754523468
7139,3.486671445776818,510.1310711908737
7140,4.005766592210637,568.9772774591977
7141,3.996967651721719,589.0486225480862
7142,3.820922074035616,568.9772774591977
7143,3.650143268547412,510.1310711908738
7144,3.902684880841003,416.5202754523468
7145,4.500062691038828,294.524311274043
7146,5.882548231098806,152.457002006851
7147,7.182099336743826,0
7148,6.574628543770038,0
7149,5.750162610602106,0
7150,4.877003745586213,0
7151,3.778618377700684,0
7152,3.220861765672161,0
7153,2.497699604055797,0
7154,2.061593635563713,0
7155,2.03901265693096,0
7156,1.819821255357505,0
7157,1.99160907848074,0
7158,3.318418570848844,0
7159,4.618738587052615,0
7160,5.120527725775596,152.4570020068508
7161,4.358263657884629,294.524311274043
7162,3.748254508601229,416.5202754523468
7163,3.623407201738676,510.1310711908737
7164,4.015969311322976,568.9772774591977
7165,4.007638257745485,589.0486225480862
7166,3.749963606909937,568.9772774591977
7167,3.652723069231369,510.1310711908738
7168,3.703717123792842,416.5202754523468
7169,4.40772723263176,294.524311274043
7170,5.686069376126013,152.457002006851
7171,7.281670907359241,0
7172,6.501710029011852,0
7173,5.620974035770882,0
7174,4.889136518984754,0
7175,3.709192166085631,0
7176,3.158300245154872,0
7177,2.408826612622111,0
7178,2.12953065053804,0
7179,1.887778983929046,0
7180,1.739020348705766,0
7181,1.886476821487403,0
7182,3.311793125370833,0
7183,4.473803308105993,0
7184,5.0665222946226,152.4570020068508
7185,4.271148391592584,294.524311274043
7186,3.998951929726544,416.5202754523468
7187,3.541801535433805,510.1310711908737
7188,3.741907776344014,568.9772774591977
7189,4.273961480404871,589.0486225480862
7190,3.794796817739075,568.9772774591977
7191,3.53370980648686,510.1310711908738
7192,4.053560469841492,416.5202754523468
7193,4.396684204310285,294.524311274043
7194,6.036838104904065,152.457002006851
7195,7.269044844564151,0
7196,7.004966273793358,0
7197,5.741323509909598,0
7198,4.861771887614649,0
7199,3.811422537640917,0
7200,3.322769248823782,0
7201,2.357207314074182,0
7202,2.179580644957971,0
7203,2.016358825903807,0
7204,1.700467062232296,0
7205,2.011782548984198,0
7206,3.191747735730087,0
7207,4.38904798044662,0
7208,5.122096640796514,152.4570020068508
7209,4.031937565295034,294.524311274043
7210,4.040554261489996,416.5202754523468
7211,3.625375657826666,510.1310711908737
7212,3.97228730677081,568.9772774591977
7213,4.106866566025318,589.0486225480862
7214,3.854801858743393,568.9772774591977
7215,3.425729178263397,510.1310711908738
7216,3.834958575680197,416.5202754523468
7217,4.62422760558669,294.524311274043
7218,5.954213206679517,152.457002006851
7219,7.223656315818743,0
7220,6.925171583836271,0
7221,5.918724957155416,0
7222,5.060895895026423,0
7223,3.928779173793227,0
7224,3.332619407445484,0
7225,2.362777167834344,0
7226,2.01809775964935,0
7227,2.018459741975235,0
7228,1.830341626557825,0
7229,1.910819221486462,0
7230,3.272399243306227,0
7231,4.66267706719459,0
7232,4.774268688048354,152.4570020068508
7233,4.204178073645993,294.524311274043
7234,3.964965148980371,416.5202754523468
7235,3.461184874163616,510.1310711908737
7236,3.746348833567168,568.9772774591977
7237,4.034245675888904,589.0486225480862
7238,3.911057454258964,568.9772774591977
7239,3.650011381246331,510.1310711908738
7240,3.742493478669333,416.5202754523468
7241,4.382128680305017,294.524311274043
7242,5.986069094356016,152.457002006851
7243,6.984050240083725,0
7244,6.519983442801399,0
7245,5.607932659578944,0
7246,4.896922283596273,0
7247,3.731196472992391,0
7248,3.182744911266817,0
7249,2.566854562709549,0
7250,2.039898499413028,0
7251,1.984397585892735,0
7252,1.703025703169181,0
7253,1.88655246332358,0
7254,3.207375874077187,0
7255,4.699182992073245,0
7256,4.809038517668938,152.4570020068508
7257,4.077525897889741,294.524311274043
7258,4.051857626972533,416.5202754523468
7259,3.60940972028423,510.1310711908737
7260,3.807108326688478,568.9772774591977
7261,4.148127544450577,589.0486225480862
7262,4.033767816415339,568.9772774591977
7263,3.716344521816646,510.1310711908738
7264,3.706459876186947,416.5202754523468
7265,4.409528694017779,294.524311274043
7266,6.05397117999251,152.457002006851
7267,7.371272466110888,0
7268,7.030434319744799,0
7269,5.684774212610039,0
7270,4.941646621489125,0
7271,4.071651783733611,0
7272,3.035731639641527,0
7273,2.457781485887265,0
7274,2.186602932282933,0
7275,1.911424391852176,0
7276,1.74693158386548,0
7277,1.918859048585356,0
7278,3.305466836237995,0
7279,4.809431381048982,0
7280,4.766519689688437,152.4570020068508
7281,4.423502668892159,294.524311274043
7282,3.904750033183106,416.5202754523468
7283,3.56417297439751,510.1310711908737
7284,3.74873597703219,568.9772774591977
7285,4.187041535772749,589.0486225480862
7286,4.090915014192388,568.9772774591977
7287,3.623037251551132,510.1310711908738
7288,4.002568872377591,416.5202754523468
7289,4.509738689030145,294.524311274043
7290,6.154489039296756,152.457002006851
7291,6.832555007026166,0
7292,6.823900602332762,0
7293,5.80014803337732,0
7294,5.050639620330189,0
7295,4.042612336809866,0
7296,3.101695157431527,0
7297,2.379601864784146,0
7298,2.040788997501281,0
7299,1.943225720125073,0
7300,1.861950621409129,0
7301,1.984828932201395,0
7302,3.058613006134642,0
7303,4.614073160830968,0
7304,4.759301165721006,176.1725356523609
7305,4.205230447695882,340.3392041388942
7306,3.91520418167279,481.3123183004897
7307,3.580004070245698,589.4847933761207
7308,3.765082638696499,657.4848539528506
7309,4.133745780130051,680.6784082777884
7310,3.729065302023402,657.4848539528506
7311,3.693896788030099,589.4847933761207
7312,3.98184904114249,481.3123183004897
7313,4.581470126943525,340.3392041388942
7314,6.082378221613078,176.1725356523611
7315,6.767064689416621,0
7316,6.747060941959781,0
7317,5.766255820104612,0
7318,5.060865572321444,0
7319,4.031836222560605,0
7320,3.35497252601999,0
7321,2.598619366615939,0
7322,2.219289914564937,0
7323,2.022400194416027,0
7324,1.867475955587024,0
7325,2.00164238249664,0
7326,3.336529525753258,0
7327,4.690315563026689,0
7328,4.857538026750211,176.1725356523609
7329,4.464807923403829,340.3392041388942
7330,3.861540601087143,481.3123183004897
7331,3.435565298063866,589.4847933761207
7332,3.978797176020814,657.4848539528506
7333,4.158617552505528,680.6784082777884
7334,3.945543534119832,657.4848539528506
7335,3.718564467552161,589.4847933761207
7336,3.870544974626698,481.3123183004897
7337,4.692916677826647,340.3392041388942
7338,5.903546906611874,176.1725356523611
7339,6.920290607942464,0
7340,7.107496858045444,0
7341,5.77770445922311,0
7342,4.866770523612536,0
7343,3.835956859237827,0
7344,3.329525502794668,0
7345,2.518032434154883,0
7346,2.085779071242136,0
7347,1.940719107612165,0
7348,1.84585098570092,0
7349,1.944074887870123,0
7350,3.113361506301421,0
7351,4.459860714528575,0
7352,4.841774244156356,176.1725356523609
7353,4.472281979913201,340.3392041388942
7354,3.881367940115074,481.3123183004897
7355,3.541135589306349,589.4847933761207
7356,3.898359521555545,657.4848539528506
7357,4.249251889877611,680.6784082777884
7358,3.912794944990894,657.4848539528506
7359,3.511372665177764,589.4847933761207
7360,4.004508570399743,481.3123183004897
7361,4.511536804667344,340.3392041388942
7362,5.822132147821666,176.1725356523611
7363,7.154433528495287,0
7364,6.640553913428748,0
7365,5.699098575369645,0
7366,4.985062935157789,0
7367,3.880094623977133,0
7368,3.148221594791133,0
7369,2.424081950521743,0
7370,2.096508896655791,0
7371,2.019092413935075,0
7372,1.857028014910238,0
7373,1.932894545068719,0
7374,3.058172513284845,0
7375,4.448784294599023,0
7376,5.19861729563192,176.1725356523609
7377,4.383566661954752,340.3392041388942
7378,4.12429392984397,481.3123183004897
7379,3.722574193605665,589.4847933761207
7380,4.04628320421463,657.4848539528506
7381,4.304144649955518,680.6784082777884
7382,4.056324361136944,657.4848539528506
7383,3.412341142478671,589.4847933761207
7384,3.759240398832098,481.3123183004897
7385,4.677971454050015,340.3392041388942
7386,5.777793858007263,176.1725356523611
7387,7.499048243193646,0
7388,6.526226647560271,0
7389,5.742851419423008,0
7390,5.168665191486543,0
7391,3.916481883438092,0
7392,3.071899266474892,0
7393,2.614206443128306,0
7394,2.125332307320424,0
7395,1.912108980425228,0
7396,1.833016120588181,0
7397,1.914051899365161,0
7398,3.35924530482878,0
7399,4.708716466732934,0
7400,5.245830537642507,176.1725356523609
7401,4.198464047188516,340.3392041388942
7402,3.917310769627021,481.3123183004897
7403,3.691614454095828,589.4847933761207
7404,3.891475312562169,657.4848539528506
7405,4.086777067588029,680.6784082777884
7406,4.000086815404539,657.4848539528506
7407,3.456280574326639,589.4847933761207
7408,3.996129022033127,481.3123183004897
7409,4.802297049980811,340.3392041388942
7410,6.014790770904353,176.1725356523611
7411,7.057864021944463,0
7412,7.006978500590315,0
7413,5.967796383416591,0
7414,5.172578853813762,0
7415,3.877316565656817,0
7416,3.289226644652252,0
7417,2.569542878394675,0
7418,2.186978669156702,0
7419,1.989868591486095,0
7420,1.728136812852697,0
7421,1.935397888805158,0
7422,3.136383129365397,0
7423,4.817555866146912,0
7424,5.242284933356489,176.1725356523609
7425,4.386510758360343,340.3392041388942
7426,3.975753374699472,481.3123183004897
7427,3.580526558985899,589.4847933761207
7428,4.103593001053959,657.4848539528506
7429,4.034576088050031,680.6784082777884
7430,3.753911115480338,657.4848539528506
7431,3.728753273127676,589.4847933761207
7432,4.020987560819607,481.3123183004897
7433,4.520132383056184,340.3392041388942
7434,6.246366596331371,176.1725356523611
7435,7.19717679086036,0
7436,6.719233386905136,0
7437,5.666971255304941,0
7438,5.162512054547214,0
7439,3.762352339397939,0
7440,3.273111095923394,0
7441,2.399423757350911,0
7442,2.243456643554528,0
7443,1.964243752754731,0
7444,1.713659771517923,0
7445,2.055016370422017,0
7446,3.368251861515417,0
7447,4.499767539249092,0
7448,5.231072608555501,176.1725356523609
7449,4.338391904665713,340.3392041388942
7450,3.918066980108519,481.3123183004897
7451,3.601242152135097,589.4847933761207
7452,3.794574977559332,657.4848539528506
7453,4.318804527204387,680.6784082777884
7454,3.91683779408072,657.4848539528506
7455,3.686841534306626,589.4847933761207
7456,4.040844631799148,481.3123183004897
7457,4.618036435849387,340.3392041388942
7458,5.903236586345823,176.1725356523611
7459,7.423816623866604,0
7460,7.115157875226313,0
7461,5.637189065676258,0
7462,5.287529182084776,0
7463,3.895766563388975,0
7464,3.211459988015549,0
7465,2.417837775222137,0
7466,2.061933229208166,0
7467,1.931303902969238,0
7468,1.872148287307098,0
7469,1.922510407904255,0
7470,3.218728767336656,0
7471,4.48106433378598,0
7472,5.040654105834881,176.1725356523609
7473,4.253818123147775,340.3392041388942
7474,4.132731087895864,481.3123183004897
7475,3.693711146594982,589.4847933761207
7476,4.097072071627378,657.4848539528506
7477,4.274122998444952,680.6784082777884
7478,3.789714715796936,657.4848539528506
7479,3.516693189657149,589.4847933761207
7480,3.948788122174555,481.3123183004897
7481,4.698170688970406,340.3392041388942
7482,6.112099025510243,176.1725356523611
7483,7.040875905079634,0
7484,6.782560480073095,0
7485,6.031797614540325,0
7486,5.291344904555806,0
7487,3.800220845068376,0
7488,3.336163696064985,0
7489,2.57709286203095,0
7490,2.235315544590114,0
7491,1.983340606007362,0
7492,1.879962082777406,0
7493,2.061900361106302,0
7494,3.180389335238206,0
7495,4.549250115379031,0
7496,5.24723927880166,176.1725356523609
7497,4.246945051221242,340.3392041388942
7498,3.815251058133628,481.3123183004897
7499,3.559964895887658,589.4847933761207
7500,4.084670268228083,657.4848539528506
7501,4.017562659853349,680.6784082777884
7502,3.953867028336331,657.4848539528506
7503,3.782689664726203,589.4847933761207
7504,4.084251870184378,481.3123183004897
7505,4.607501908658563,340.3392041388942
7506,6.288146922031379,176.1725356523611
7507,6.885810032693691,0
7508,6.701930186925987,0
7509,5.825192637390332,0
7510,4.969641005738255,0
7511,3.952111492064153,0
7512,3.402920693329869,0
7513,2.447540103479815,0
7514,2.153703649916608,0
7515,1.962614048790271,0
7516,1.887144140406751,0
7517,2.032265550612481,0
7518,3.214884193062534,0
7519,4.558493042990479,0
7520,4.813876649430476,176.1725356523609
7521,4.418267090900748,340.3392041388942
7522,3.984633832321865,481.3123183004897
7523,3.689724423110655,589.4847933761207
7524,4.130066289050005,657.4848539528506
7525,4.33470623643814,680.6784082777884
7526,3.855036165911568,657.4848539528506
7527,3.686601194026457,589.4847933761207
7528,4.024555167715387,481.3123183004897
7529,4.932522836839514,340.3392041388942
7530,6.281765183274316,176.1725356523611
7531,7.144469939926553,0
7532,6.683888218300243,0
7533,5.720903921381976,0
7534,4.894788066089278,0
7535,3.790692334373304,0
7536,3.173419283783957,0
7537,2.545643945915729,0
7538,2.240080796440105,0
7539,1.961336531462893,0
7540,1.773362803102264,0
7541,2.094380652446881,0
7542,3.409998073049514,0
7543,4.851920182787462,0
7544,4.981719649827463,176.1725356523609
7545,4.148144590471533,340.3392041388942
7546,3.820323763159076,481.3123183004897
7547,3.651486354918617,589.4847933761207
7548,4.150086892229078,657.4848539528506
7549,4.347522621468777,680.6784082777884
7550,4.004580580771011,657.4848539528506
7551,3.452218982622751,589.4847933761207
7552,4.033565121689302,481.3123183004897
7553,4.726218881561334,340.3392041388942
7554,6.271297582121822,176.1725356523611
7555,7.563183172211636,0
7556,6.799688052509147,0
7557,5.84416012545298,0
7558,5.065031715054987,0
7559,4.056671320787278,0
7560,3.18177126428338,0
7561,2.458520605310555,0
7562,2.210625999556278,0
7563,2.008293227617885,0
7564,1.870570568478744,0
7565,2.064910805277357,0
7566,3.261982205953255,0
7567,4.919061248913754,0
7568,5.03851539624005,176.1725356523609
7569,4.219520649883888,340.3392041388942
7570,3.805631242876881,481.3123183004897
7571,3.737959995083327,589.4847933761207
7572,3.863766738114154,657.4848539528506
7573,4.175094031769605,680.6784082777884
7574,3.985818967733046,657.4848539528506
7575,3.740486778477756,589.4847933761207
7576,3.832919122710308,481.3123183004897
7577,4.50231392134756,340.3392041388942
7578,6.061046583571383,176.1725356523611
7579,7.122223845594091,0
7580,6.857555276584942,0
7581,5.849096464005961,0
7582,4.910393264904297,0
7583,4.02633291393934,0
7584,3.228627124286327,0
7585,2.602154365873734,0
7586,2.214988394436473,0
7587,1.937261282438244,0
7588,1.760064631209808,0
7589,2.010865411075738,0
7590,3.402959155276234,0
7591,4.601066588889295,0
7592,4.911751392921425,176.1725356523609
7593,4.515728727279194,340.3392041388942
7594,3.855186861171302,481.3123183004897
7595,3.757581202278158,589.4847933761207
7596,3.869775383818237,657.4848539528506
7597,4.10297646565098,680.6784082777884
7598,3.897149890150735,657.4848539528506
7599,3.652371944680414,589.4847933761207
7600,4.143431137114545,481.3123183004897
7601,4.703737374519252,340.3392041388942
7602,6.470560712018222,176.1725356523611
7603,7.442576483481992,0
7604,6.753951124130998,0
7605,6.026173051431568,0
7606,5.328385279804714,0
7607,4.081169687116163,0
7608,3.231034571491847,0
7609,2.608294674942291,0
7610,2.209352321658538,0
7611,2.006542916043458,0
7612,1.756506832058525,0
7613,1.935345880088504,0
7614,3.118444336511287,0
7615,4.612343748338225,0
7616,5.229507774137797,176.1725356523609
7617,4.410813413563983,340.3392041388942
7618,4.0677967847011,481.3123183004897
7619,3.524754732304912,589.4847933761207
7620,3.963159134865105,657.4848539528506
7621,4.110548513873469,680.6784082777884
7622,3.896029309184661,657.4848539528506
7623,3.775499343214163,589.4847933761207
7624,3.802978208401538,481.3123183004897
7625,4.709452297876187,340.3392041388942
7626,5.87795654256019,176.1725356523611
7627,7.552771006151603,0
7628,7.214667346468839,0
7629,5.822747444752152,0
7630,4.88637179306325,0
7631,3.919809501749849,0
7632,3.408089235761646,0
7633,2.611150733745119,0
7634,2.126866906629074,0
7635,1.974123641695566,0
7636,1.787026536388048,0
7637,2.114267623398168,0
7638,3.360464713867577,0
7639,4.80063657256262,0
7640,4.927916666996689,176.1725356523609
7641,4.417778608492522,340.3392041388942
7642,3.852414819375464,481.3123183004897
7643,3.809598404135305,589.4847933761207
7644,3.815435450943523,657.4848539528506
7645,4.104519792628042,680.6784082777884
7646,4.161913538326078,657.4848539528506
7647,3.654754048229122,589.4847933761207
7648,4.00100931094384,481.3123183004897
7649,4.832873093909357,340.3392041388942
7650,5.963332223581541,176.1725356523611
7651,7.484088492353671,0
7652,6.840094479851418,0
7653,5.654906558449031,0
7654,5.328292418662887,0
7655,3.996817731246918,0
7656,3.332680760622533,0
7657,2.512000826413015,0
7658,2.132558512291576,0
7659,1.979511549377434,0
7660,1.798453512998208,0
7661,1.951190674157328,0
7662,3.205434781505426,0
7663,4.886774615618624,0
7664,5.316582083351692,176.1725356523609
7665,4.425481599456614,340.3392041388942
7666,3.897399713084792,481.3123183004897
7667,3.543976886268536,589.4847933761207
7668,3.828995300855034,657.4848539528506
7669,4.067887567762021,680.6784082777884
7670,3.912152190357756,657.4848539528506
7671,3.598557883334148,589.4847933761207
7672,3.843223784470244,481.3123183004897
7673,4.853467781739789,340.3392041388942
7674,6.24899258441587,176.1725356523611
7675,7.399335906281875,0
7676,6.815362178244486,0
7677,5.662657973591522,0
7678,4.941503468641679,0
7679,4.140705081610991,0
7680,3.1636889304841,0
7681,2.44158902319674,0
7682,2.201178645230926,0
7683,2.03513364189108,0
7684,1.82192886036446,0
7685,1.976851917204477,0
7686,3.298470380122129,0
7687,4.85617737745613,0
7688,5.027340527818608,176.1725356523609
7689,4.431654432779768,340.3392041388942
7690,3.877686177811377,481.3123183004897
7691,3.591886803471295,589.4847933761207
7692,3.931492673214716,657.4848539528506
7693,4.350206842572423,680.6784082777884
7694,3.913863048070299,657.4848539528506
7695,3.802912386421204,589.4847933761207
7696,4.124907875515501,481.3123183004897
7697,4.788828772337477,340.3392041388942
7698,6.102764051200831,176.1725356523611
7699,7.594808212153967,0
7700,7.23329928093171,0
7701,5.818803301941876,0
7702,4.864755814082678,0
7703,3.947193978264614,0
7704,3.366424732362839,0
7705,2.568580638933845,0
7706,2.245608285849313,0
7707,2.075392697844141,0
7708,1.911636600698982,0
7709,2.131009131447556,0
7710,3.140022416521846,0
7711,4.733297204416339,0
7712,5.075315668584711,176.1725356523609
7713,4.396321562982518,340.3392041388942
7714,3.96836018998017,481.3123183004897
7715,3.709226987914462,589.4847933761207
7716,4.22245249048935,657.4848539528506
7717,4.239797668492757,680.6784082777884
7718,3.990720749414653,657.4848539528506
7719,3.482882013809819,589.4847933761207
7720,4.208158897824346,481.3123183004897
7721,4.784431384784205,340.3392041388942
7722,6.27083177957864,176.1725356523611
7723,7.429029344493436,0
7724,6.691484415569048,0
7725,5.582097090052742,0
7726,4.955982135959578,0
7727,4.027001846627482,0
7728,3.39287600241013,0
7729,2.526290311752667,0
7730,2.200173568658113,0
7731,2.036627166254394,0
7732,1.867582404311207,0
7733,2.128560910049087,0
7734,3.2025244591136,0
7735,4.811950485492457,0
7736,5.149833477977607,176.1725356523609
7737,4.428556645937241,340.3392041388942
7738,3.988283881508637,481.3123183004897
7739,3.489926854171063,589.4847933761207
7740,4.150334687857843,657.4848539528506
7741,4.440424796923124,680.6784082777884
7742,3.968201524801196,657.4848539528506
7743,3.660857590185567,589.4847933761207
7744,4.211071915087821,481.3123183004897
7745,4.675034234827628,340.3392041388942
7746,5.946688278078073,176.1725356523611
7747,7.592285646803449,0
7748,6.926422215304164,0
7749,5.897985285828915,0
7750,5.181656092804345,0
7751,4.144553402877826,0
7752,3.446184415376207,0
7753,2.562396521082089,0
7754,2.306684363456891,0
7755,1.970984120560928,0
7756,1.761963433099486,0
7757,2.029870409145174,0
7758,3.333778860293602,0
7759,4.812397212382105,0
7760,4.978575020038241,176.1725356523609
7761,4.392494940316465,340.3392041388942
7762,3.898767309796858,481.3123183004897
7763,3.60820101727842,589.4847933761207
7764,3.950953967990278,657.4848539528506
7765,4.115600123322014,680.6784082777884
7766,4.175280069709369,657.4848539528506
7767,3.824174544302049,589.4847933761207
7768,3.989265351519332,481.3123183004897
7769,4.867175410347716,340.3392041388942
7770,6.419205289600649,176.1725356523611
7771,7.237615902633795,0
7772,7.127988379961528,0
7773,5.787787787465771,0
7774,5.064649170112347,0
7775,4.214927620457143,0
7776,3.320888323205628,0
7777,2.596181318277073,0
7778,2.257097660069691,0
7779,2.12097922478933,0
7780,1.862325941724718,0
7781,2.069760781006813,0
7782,3.278633167183391,0
7783,4.557877427059087,0
7784,5.183993622790681,176.1725356523609
7785,4.591711037528857,340.3392041388942
7786,4.121947446107667,481.3123183004897
7787,3.691938812598546,589.4847933761207
7788,4.143657966297653,657.4848539528506
7789,4.086257896250331,680.6784082777884
7790,3.975627949234344,657.4848539528506
7791,3.767186977594953,589.4847933761207
7792,3.900454802430847,481.3123183004897
7793,4.617803262419605,340.3392041388942
7794,5.976796190439056,176.1725356523611
7795,7.558278203507498,0
7796,6.681695992060045,0
7797,6.165844388863825,0
7798,5.307325076332224,0
7799,3.844789368711412,0
7800,3.343522627373988,0
7801,2.693022539401167,0
7802,2.273952128463008,0
7803,1.967705653668454,0
7804,1.847395613999887,0
7805,1.967237724545043,0
7806,3.157750530724403,0
7807,4.601544071446732,0
7808,5.259379024367655,176.1725356523609
7809,4.435183092933666,340.3392041388942
7810,4.127323231629936,481.3123183004897
7811,3.553299114470015,589.4847933761207
7812,3.965187579817889,657.4848539528506
7813,4.414543910656641,680.6784082777884
7814,3.929099892781247,657.4848539528506
7815,3.627139308808148,589.4847933761207
7816,4.224302773414034,481.3123183004897
7817,4.823882035152946,340.3392041388942
7818,6.339643841100881,176.1725356523611
7819,7.059248244010554,0
7820,7.007814111782184,0
7821,5.653848866583445,0
7822,5.224004095261424,0
7823,3.902654693669267,0
7824,3.392164250657565,0
7825,2.703430895596177,0
7826,2.193183596523512,0
7827,2.098898266863356,0
7828,1.757157244817579,0
7829,2.107619637565101,0
7830,3.1556466328871,0
7831,4.736942013295816,0
7832,4.986691608882436,176.1725356523609
7833,4.399057943129367,340.3392041388942
7834,4.207502667013638,481.3123183004897
7835,3.861803393431726,589.4847933761207
7836,3.891789986538952,657.4848539528506
7837,4.068970606664839,680.6784082777884
7838,3.989746658734807,657.4848539528506
7839,3.557592843442929,589.4847933761207
7840,3.914719944572465,481.3123183004897
7841,4.570369682022526,340.3392041388942
7842,6.360131338774751,176.1725356523611
7843,7.057558088093111,0
7844,6.816502813554715,0
7845,5.6687702298372,0
7846,5.231465247248877,0
7847,3.868618207095421,0
7848,3.305243806217411,0
7849,2.699281589845305,0
7850,2.117808882017048,0
7851,1.998057083445245,0
7852,1.840385227680081,0
7853,2.026492985353707,0
7854,3.213110616165108,0
7855,4.954181989175479,0
7856,5.093132054612589,176.1725356523609
7857,4.237443061072915,340.3392041388942
7858,4.128007480062374,481.3123183004897
7859,3.640145514161615,589.4847933761207
7860,4.012783082867372,657.4848539528506
7861,4.172136291564184,680.6784082777884
7862,4.104775273545017,657.4848539528506
7863,3.816165314988199,589.4847933761207
7864,4.171020884494566,481.3123183004897
7865,4.68906236370956,340.3392041388942
7866,6.068917654657671,176.1725356523611
7867,7.441768463307442,0
7868,6.725529741761142,0
7869,6.126539676129098,0
7870,5.384554140736588,0
7871,3.979540558411743,0
7872,3.298094471724429,0
7873,2.502254249382741,0
7874,2.144252290799307,0
7875,2.046323793207632,0
7876,1.839209408456662,0
7877,2.032764548857932,0
7878,3.268983857004637,0
7879,4.595253727208315,0
7880,4.915351822835621,176.1725356523609
7881,4.235862026718031,340.3392041388942
7882,4.092808875080211,481.3123183004897
7883,3.580494994799531,589.4847933761207
7884,4.104607629745658,657.4848539528506
7885,4.312672209626218,680.6784082777884
7886,4.073735299669552,657.4848539528506
7887,3.778345211608875,589.4847933761207
7888,3.924517467362204,481.3123183004897
7889,4.875906280938037,340.3392041388942
7890,6.232724666724664,176.1725356523611
7891,7.072002196118193,0
7892,6.950915176819975,0
7893,5.756738792129347,0
7894,5.333824783472128,0
7895,4.156006422149445,0
7896,3.483747234993344,0
7897,2.677248664380756,0
7898,2.17991079881893,0
7899,2.071254725712518,0
7900,1.815280600637825,0
7901,2.003575622790119,0
7902,3.42411408316886,0
7903,4.778976877989519,0
7904,5.305388590362695,176.1725356523609
7905,4.364983961657422,340.3392041388942
7906,3.945830213922311,481.3123183004897
7907,3.8469407946703,589.4847933761207
7908,3.948009115619672,657.4848539528506
7909,4.148175382025916,680.6784082777884
7910,4.006123908288972,657.4848539528506
7911,3.55131617751724,589.4847933761207
7912,4.255353142594989,481.3123183004897
7913,4.78435746971415,340.3392041388942
7914,6.45564553634571,176.1725356523611
7915,7.738578021472305,0
7916,7.213076441495391,0
7917,5.919517634225952,0
7918,5.052457338061272,0
7919,4.22013642503872,0
7920,3.262680914356078,0
7921,2.486583704663198,0
7922,2.168049360491295,0
7923,1.976931674783054,0
7924,1.85408360866801,0
7925,2.17110752866413,0
7926,3.285057884438889,0
7927,4.886244368829977,0
7928,5.203613068561854,176.1725356523609
7929,4.584799673893219,340.3392041388942
7930,3.93594640367413,481.3123183004897
7931,3.658741650891452,589.4847933761207
7932,4.146733242355841,657.4848539528506
7933,4.130745265625479,680.6784082777884
7934,4.247874944601054,657.4848539528506
7935,3.846656302898883,589.4847933761207
7936,4.192749904193959,481.3123183004897
7937,4.600809016424881,340.3392041388942
7938,6.427373679264561,176.1725356523611
7939,7.185062484414789,0
7940,7.177760275144757,0
7941,5.759270977398931,0
7942,4.938231704135989,0
7943,4.061630176995489,0
7944,3.306763634107292,0
7945,2.688238290614262,0
7946,2.129779527385399,0
7947,2.146373158203655,0
7948,1.92127544248242,0
7949,2.166214856928447,0
7950,3.314250721984497,0
7951,4.80071507182458,0
7952,5.179322492867225,176.1725356523609
7953,4.430205456385937,340.3392041388942
7954,3.999801545500742,481.3123183004897
7955,3.649944438627694,589.4847933761207
7956,4.0354253793076,657.4848539528506
7957,4.349589135776327,680.6784082777884
7958,4.143621768528411,657.4848539528506
7959,3.6449395971684,589.4847933761207
7960,4.256161624229286,481.3123183004897
7961,4.660980533934644,340.3392041388942
7962,6.218905423648499,176.1725356523611
7963,7.608493893922011,0
7964,6.943139165576976,0
7965,5.849712088415127,0
7966,4.961091240121399,0
7967,3.96717768943419,0
7968,3.386371532559192,0
7969,2.62922797681567,0
7970,2.227850835620564,0
7971,2.1587103197926,0
7972,1.917179825201581,0
7973,2.080946623285074,0
7974,3.265698053163513,0
7975,4.961648518619964,0
7976,5.072669583279704,176.1725356523609
7977,4.636464289881172,340.3392041388942
7978,3.990309091544384,481.3123183004897
7979,3.769378184357876,589.4847933761207
7980,4.046804440748001,657.4848539528506
7981,4.378368291344207,680.6784082777884
7982,4.221148691564264,657.4848539528506
7983,3.824768104351507,589.4847933761207
7984,4.011921558465896,481.3123183004897
7985,5.008439402885343,340.3392041388942
7986,6.057265646121374,176.1725356523611
7987,7.23719479623327,0
7988,7.242252022359684,0
7989,6.044640014913818,0
7990,5.204649720281805,0
7991,4.2238369460833,0
7992,3.391513791868159,0
7993,2.546368196858223,0
7994,2.150031499580585,0
7995,1.990117728552458,0
7996,1.879098539942625,0
7997,1.985855670745937,0
7998,3.291599414487934,0
7999,5.036744357605408,0
8000,5.033216737507062,176.1725356523609
8001,4.34700977744927,340.3392041388942
8002,4.106137213097369,481.3123183004897
8003,3.59858557418701,589.4847933761207
8004,4.186704972577953,657.4848539528506
8005,4.330680389377539,680.6784082777884
8006,3.967429720672013,657.4848539528506
8007,3.579388034553285,589.4847933761207
8008,4.01004558785646,481.3123183004897
8009,4.768581102548029,340.3392041388942
8010,6.057635552297294,176.1725356523611
8011,7.124732158175389,0
8012,6.859940179697639,0
8013,5.716422772553285,0
8014,5.366915889210476,0
8015,4.156218553868942,0
8016,3.285870219722526,0
8017,2.650699856605431,0
8018,2.164906829000704,0
8019,2.091590606508623,0
8020,1.932631736878264,0
8021,2.074641862275301,0
8022,3.289972032697345,0
8023,4.777525231823461,0
8024,5.068249888333472,189.7242691640811
8025,4.377746026966818,366.5191429188092
8026,4.035545302676357,518.3363427851427
8027,3.789990346450692,634.8297774819762
8028,4.210668244752691,708.0606119492238
8029,4.10168862876393,733.0382858376184
8030,4.006586718159547,708.0606119492238
8031,3.8748853861124,634.8297774819763
8032,4.085882898904625,518.3363427851427
8033,5.034808459916265,366.5191429188092
8034,6.410505688106978,189.7242691640812
8035,7.511253401744222,0
8036,6.865504946674474,0
8037,5.991458862447423,0
8038,4.998243135491556,0
8039,4.213525315846353,0
8040,3.492816859114818,0
8041,2.509892384472796,0
8042,2.307184514657549,0
8043,2.144369921553049,0
8044,1.811803779441146,0
8045,2.027452775356431,0
8046,3.467348172677334,0
8047,4.781485844752178,0
8048,5.190015001807216,189.7242691640811
8049,4.496096124429864,366.5191429188092
8050,3.927356290085434,518.3363427851427
8051,3.576299859340972,634.8297774819762
8052,3.937341195053272,708.0606119492238
8053,4.102859885002234,733.0382858376184
8054,4.150386815437241,708.0606119492238
8055,3.755058308929673,634.8297774819763
8056,4.031214385084373,518.3363427851427
8057,5.025935260352517,366.5191429188092
8058,6.633424457506617,189.7242691640812
8059,7.319043944953579,0
8060,7.282684133981835,0
8061,5.703566026364294,0
8062,5.052896774550056,0
8063,4.067385141856682,0
8064,3.402599576908419,0
8065,2.657554330052238,0
8066,2.317327401427695,0
8067,2.028128013677826,0
8068,1.845878835569404,0
8069,2.118155833922876,0
8070,3.412042239700676,0
8071,5.02345313434747,0
8072,5.084707442040609,189.7242691640811
8073,4.59879224557519,366.5191429188092
8074,4.178691316747225,518.3363427851427
8075,3.628185064985192,634.8297774819762
8076,4.210436405002768,708.0606119492238
8077,4.314638326011078,733.0382858376184
8078,4.017013546305985,708.0606119492238
8079,3.670595562262507,634.8297774819763
8080,4.152426321452197,518.3363427851427
8081,5.001298583754498,366.5191429188092
8082,6.61941209152903,189.7242691640812
8083,7.387164147247049,0
8084,7.064709448421127,0
8085,6.031872510507995,0
8086,5.401521168557728,0
8087,3.959254049940153,0
8088,3.381071013516417,0
8089,2.63456063299747,0
8090,2.343016324618058,0
8091,2.099022548754644,0
8092,1.878275066871813,0
8093,2.169682961435649,0
8094,3.315706891331627,0
8095,5.057744193349079,0
8096,5.147334806647892,189.7242691640811
8097,4.54305334152462,366.5191429188092
8098,4.215956728691866,518.3363427851427
8099,3.744226556743615,634.8297774819762
8100,4.194768008823997,708.0606119492238
8101,4.536727867354488,733.0382858376184
8102,4.267168860272632,708.0606119492238
8103,3.579702194491487,634.8297774819763
8104,3.986082590892882,518.3363427851427
8105,4.962111457550751,366.5191429188092
8106,6.031612222492785,189.7242691640812
8107,7.529388286469008,0
8108,7.001362344878046,0
8109,5.680382504803413,0
8110,4.983848569664613,0
8111,4.148258833866122,0
8112,3.516867315640358,0
8113,2.556841880329962,0
8114,2.233499247925854,0
8115,2.146529461605264,0
8116,1.823422365232954,0
8117,2.123786987060852,0
8118,3.44328519423666,0
8119,4.624357530523083,0
8120,5.055749493139673,189.7242691640811
8121,4.471284113483645,366.5191429188092
8122,4.05346061064676,518.3363427851427
8123,3.801218721155672,634.8297774819762
8124,4.161335655817385,708.0606119492238
8125,4.473729077500337,733.0382858376184
8126,4.132532573058858,708.0606119492238
8127,3.642312555091179,634.8297774819763
8128,4.027032665969603,518.3363427851427
8129,4.62224988835697,366.5191429188092
8130,6.378140995964653,189.7242691640812
8131,7.254529736826645,0
8132,6.97632558326546,0
8133,5.806240917904622,0
8134,5.208387260278263,0
8135,3.966684371741342,0
8136,3.276019699226315,0
8137,2.72518627179954,0
8138,2.301479328405572,0
8139,2.167850040213086,0
8140,1.90426706204753,0
8141,2.117508997962756,0
8142,3.326448737129623,0
8143,4.875899418139726,0
8144,5.315778189481346,189.7242691640811
8145,4.682883054852331,366.5191429188092
8146,4.005607518168403,518.3363427851427
8147,3.732629725890924,634.8297774819762
8148,4.016956333734302,708.0606119492238
8149,4.316788755768803,733.0382858376184
8150,3.984469127152043,708.0606119492238
8151,3.585550029459754,634.8297774819763
8152,4.287388922289225,518.3363427851427
8153,4.859082175834674,366.5191429188092
8154,6.074620112953596,189.7242691640812
8155,7.233890572143864,0
8156,7.311298851322172,0
8157,5.720939624053858,0
8158,5.458811391699506,0
8159,4.158750267005473,0
8160,3.326437626759026,0
8161,2.548709596577143,0
8162,2.276958098160209,0
8163,2.09831337140813,0
8164,1.781747299008511,0
8165,2.14343681933049,0
8166,3.424542602989245,0
8167,5.100657101518712,0
8168,4.980595225325184,189.7242691640811
8169,4.469878605987526,366.5191429188092
8170,4.123828998284586,518.3363427851427
8171,3.765069230829667,634.8297774819762
8172,4.316971274187362,708.0606119492238
8173,4.519062993748825,733.0382858376184
8174,4.070340719604115,708.0606119492238
8175,3.62739480566845,634.8297774819763
8176,3.9664080807557,518.3363427851427
8177,4.930949073963717,366.5191429188092
8178,6.511531185100869,189.7242691640812
8179,7.499328160637083,0
8180,7.378570097089629,0
8181,6.181805389149736,0
8182,5.346294817669616,0
8183,3.954722289287367,0
8184,3.369905041430282,0
8185,2.685027677504497,0
8186,2.219149801078143,0
8187,2.102147625610227,0
8188,1.83504953932051,0
8189,2.14773917684719,0
8190,3.398425570334148,0
8191,5.083977694403129,0
8192,5.401071189685406,189.7242691640811
8193,4.274132330848543,366.5191429188092
8194,3.997196681860135,518.3363427851427
8195,3.715403971367692,634.8297774819762
8196,4.295911396955077,708.0606119492238
8197,4.207140016869874,733.0382858376184
8198,4.278830431912478,708.0606119492238
8199,3.808509704286365,634.8297774819763
8200,4.15308487009328,518.3363427851427
8201,5.106144489289436,366.5191429188092
8202,6.169756310971535,189.7242691640812
8203,7.470560486922122,0
8204,6.762550244417223,0
8205,5.810385590066034,0
8206,5.274572270594009,0
8207,4.213242843089285,0
8208,3.372560714104254,0
8209,2.581156365816874,0
8210,2.310075610643493,0
8211,2.144263561706778,0
8212,1.821479052881428,0
8213,2.087882852435277,0
8214,3.4394554127937,0
8215,4.861708321867486,0
8216,5.194352555548045,189.7242691640811
8217,4.335472520482002,366.5191429188092
8218,3.945334923278407,518.3363427851427
8219,3.786620949320211,634.8297774819762
8220,4.063835777582665,708.0606119492238
8221,4.485343908844066,733.0382858376184
8222,3.973146581688288,708.0606119492238
8223,3.616453120011184,634.8297774819763
8224,3.953817125631945,518.3363427851427
8225,4.645113829754093,366.5191429188092
8226,6.123077154435015,189.7242691640812
8227,7.197318772664382,0
8228,7.017305356336892,0
8229,6.11388621171916,0
8230,5.210016502479227,0
8231,4.182455921316266,0
8232,3.247087568456528,0
8233,2.640516165505761,0
8234,2.214135971251321,0
8235,2.194989269230851,0
8236,1.911506710535889,0
8237,2.075425208923544,0
8238,3.460284147741662,0
8239,4.947532768544266,0
8240,5.066036854116289,189.7242691640811
8241,4.528904330291343,366.5191429188092
8242,3.956616976273108,518.3363427851427
8243,3.768677484293931,634.8297774819762
8244,3.938820380649203,708.0606119492238
8245,4.281273708146932,733.0382858376184
8246,4.101792321120121,708.0606119492238
8247,3.687500640128162,634.8297774819763
8248,4.222632787787708,518.3363427851427
8249,5.037237906054553,366.5191429188092
8250,6.173435583351227,189.7242691640812
8251,7.697427139608058,0
8252,6.794359562218333,0
8253,6.043206382393524,0
8254,5.016783610620674,0
8255,4.107920212768913,0
8256,3.342641205268706,0
8257,2.635197092140267,0
8258,2.170895943367037,0
8259,2.172943117286941,0
8260,1.883423547832217,0
8261,2.002473002603094,0
8262,3.377389661247255,0
8263,4.745928716228256,0
8264,5.364776045859431,189.7242691640811
8265,4.55805313760957,366.5191429188092
8266,4.232056287842381,518.3363427851427
8267,3.728825664654547,634.8297774819762
8268,4.285664756674618,708.0606119492238
8269,4.461428367343721,733.0382858376184
8270,4.001388594109176,708.0606119492238
8271,3.666115142772106,634.8297774819763
8272,4.292879983770179,518.3363427851427
8273,4.865776902978514,366.5191429188092
8274,6.32114031312161,189.7242691640812
8275,7.713085211188408,0
8276,7.457898951445086,0
8277,5.734228305130574,0
8278,5.447198092079716,0
8279,4.047885508261685,0
8280,3.336506915054021,0
8281,2.707648248143317,0
8282,2.253009015009628,0
8283,2.051626444176228,0
8284,1.933121785538971,0
8285,2.139505861915847,0
8286,3.263418502201131,0
8287,4.685352441195204,0
8288,5.328062708895018,189.7242691640811
8289,4.351261709913296,366.5191429188092
8290,4.247779615219921,518.3363427851427
8291,3.926887309574924,634.8297774819762
8292,3.932169362792757,708.0606119492238
8293,4.403225740116252,733.0382858376184
8294,3.925386010287593,708.0606119492238
8295,3.870457703692892,634.8297774819763
8296,4.282732518722459,518.3363427851427
8297,4.915682543504714,366.5191429188092
8298,6.208142941574476,189.7242691640812
8299,7.618655050993739,0
8300,6.812425731048553,0
8301,5.769094503250848,0
8302,5.262980288511193,0
8303,4.230478733537842,0
8304,3.405667458755279,0
8305,2.704207153706949,0
8306,2.279060377707563,0
8307,2.193011542795325,0
8308,1.820133001135296,0
8309,2.076898423060276,0
8310,3.34476360886714,0
8311,4.828023317818681,0
8312,5.018318203132749,189.7242691640811
8313,4.50775336330304,366.5191429188092
8314,4.294371479885086,518.3363427851427
8315,3.918658471629969,634.8297774819762
8316,3.986099089967232,708.0606119492238
8317,4.157500087097621,733.0382858376184
8318,4.315587340352468,708.0606119492238
8319,3.687715276983516,634.8297774819763
8320,4.088221309046452,518.3363427851427
8321,5.073432521423042,366.5191429188092
8322,6.705728520129512,189.7242691640812
8323,7.705020161414338,0
8324,7.044501093570543,0
8325,6.228139513682195,0
8326,5.075336198551977,0
8327,4.038933705229277,0
8328,3.442552617602097,0
8329,2.660872368517145,0
8330,2.200735047919001,0
8331,2.106631510020345,0
8332,1.818066520867103,0
8333,2.01997107253103,0
8334,3.400601538548115,0
8335,4.72614078563148,0
8336,5.102453370651734,189.7242691640811
8337,4.479084770997862,366.5191429188092
8338,4.082978979071238,518.3363427851427
8339,3.90721143690571,634.8297774819762
8340,4.314813999148746,708.0606119492238
8341,4.15229788098326,733.0382858376184
8342,4.171356350750158,708.0606119492238
8343,3.630206025119191,634.8297774819763
8344,4.126355974951501,518.3363427851427
8345,4.983412096514696,366.5191429188092
8346,6.156125878157931,189.7242691640812
8347,7.481558757206805,0
8348,7.074426848074236,0
8349,5.893979654186835,0
8350,5.289965153183883,0
8351,4.098239890487202,0
8352,3.506041451255674,0
8353,2.667157251441236,0
8354,2.31184514039347,0
8355,2.05631353427616,0
8356,1.896698363371683,0
8357,2.133707931851594,0
8358,3.320255985071512,0
8359,4.714238747437311,0
8360,5.501729281923216,189.7242691640811
8361,4.621633395660607,366.5191429188092
8362,4.24206594134052,518.3363427851427
8363,3.616233605773186,634.8297774819762
8364,4.115107844382513,708.0606119492238
8365,4.42394867639069,733.0382858376184
8366,4.309406691908205,708.0606119492238
8367,3.876011838899159,634.8297774819763
8368,4.279413727870162,518.3363427851427
8369,4.884668178454624,366.5191429188092
8370,6.276920193587898,189.7242691640812
8371,7.788076924110878,0
8372,6.89119720200709,0
8373,6.051686413842133,0
8374,5.29548574348712,0
8375,4.316956594018714,0
8376,3.488536445413447,0
8377,2.68506921969461,0
8378,2.161322701505914,0
8379,2.19211613214357,0
8380,1.791857988508681,0
8381,2.186044573067903,0
8382,3.294339019613894,0
8383,4.911964510323926,0
8384,5.212659535801774,189.7242691640811
8385,4.590721352979779,366.5191429188092
8386,4.021843133498936,518.3363427851427
8387,3.647668621717117,634.8297774819762
8388,4.085419784768322,708.0606119492238
8389,4.179387693995943,733.0382858376184
8390,4.346644390871585,708.0606119492238
8391,3.76530858643811,634.8297774819763
8392,4.051835651541552,518.3363427851427
8393,4.914081511221459,366.5191429188092
8394,6.692152616171377,189.7242691640812
8395,7.828712986643645,0
8396,6.934948066062686,0
8397,6.123669623551525,0
8398,5.197548800618355,0
8399,3.96498245273804,0
8400,3.458770823494956,0
8401,2.588082875874815,0
8402,2.197932182670134,0
8403,2.177046971764551,0
8404,1.915623902595694,0
8405,2.203391339173608,0
8406,3.226163872436119,0
8407,5.025455952890908,0
8408,5.390162355476754,189.7242691640811
8409,4.716957091157903,366.5191429188092
8410,3.969146494920869,518.3363427851427
8411,3.707966580666995,634.8297774819762
8412,4.317997435869913,708.0606119492238
8413,4.175786875648212,733.0382858376184
8414,4.285331746940357,708.0606119492238
8415,3.876152385533364,634.8297774819763
8416,4.084658736455465,518.3363427851427
8417,4.810318885260513,366.5191429188092
8418,6.583233211662186,189.7242691640812
8419,7.487448684077654,0
8420,6.811004956197967,0
8421,6.214586279260664,0
8422,5.351490314131039,0
8423,4.252661931864133,0
8424,3.284017769954078,0
8425,2.551375225825326,0
8426,2.329530160772284,0
8427,2.116086100450552,0
8428,1.858422283704311,0
8429,2.101094854359105,0
8430,3.259301035445247,0
8431,4.836199433743691,0
8432,5.123959771311299,189.7242691640811
8433,4.450048530688274,366.5191429188092
8434,3.952273413677691,518.3363427851427
8435,3.716160866388943,634.8297774819762
8436,4.17764748068553,708.0606119492238
8437,4.37560737696989,733.0382858376184
8438,4.158527689691053,708.0606119492238
8439,3.839356139416244,634.8297774819763
8440,3.968094781863002,518.3363427851427
8441,4.821988724880107,366.5191429188092
8442,6.47208084067853,189.7242691640812
8443,7.558688949423254,0
8444,7.494948621186919,0
8445,6.246213363295817,0
8446,5.417355813742701,0
8447,4.34976507486014,0
8448,3.329215781896539,0
8449,2.537996506673065,0
8450,2.151562309506047,0
8451,2.127442548525042,0
8452,1.92429372532332,0
8453,2.011017232872931,0
8454,3.413913998845267,0
8455,4.677649209277513,0
8456,5.245251144647692,189.7242691640811
8457,4.429867294918195,366.5191429188092
8458,4.328185479961928,518.3363427851427
8459,3.702302968528658,634.8297774819762
8460,4.239975173485604,708.0606119492238
8461,4.180293243726336,733.0382858376184
8462,4.257866596242367,708.0606119492238
8463,3.810281259970612,634.8297774819763
8464,4.175624791819297,518.3363427851427
8465,5.017528824645788,366.5191429188092
8466,6.694308349465854,189.7242691640812
8467,7.523736711206463,0
8468,7.179096679152154,0
8469,5.903441066453136,0
8470,5.204511751925037,0
8471,4.06975208538,0
8472,3.270410343255011,0
8473,2.541702168851295,0
8474,2.249369742481301,0
8475,2.111919326334295,0
8476,1.956647220029165,0
8477,2.203661417751135,0
8478,3.481251679271368,0
8479,4.840035336393202,0
8480,5.072056767909238,189.7242691640811
8481,4.527603769540709,366.5191429188092
8482,4.076832048290266,518.3363427851427
8483,3.752797764148467,634.8297774819762
8484,4.026581874111979,708.0606119492238
8485,4.345638972095839,733.0382858376184
8486,3.968734422829141,708.0606119492238
8487,3.878974977728241,634.8297774819763
8488,3.985325987857076,518.3363427851427
8489,4.722282299083918,366.5191429188092
8490,6.725051489008345,189.7242691640812
8491,7.503223227081671,0
8492,7.218168497671575,0
8493,6.167988862718501,0
8494,5.068867289678138,0
8495,4.028839067994623,0
8496,3.240951583854913,0
8497,2.610536051408741,0
8498,2.339725888058173,0
8499,2.19930307404543,0
8500,1.836698230282077,0
8501,2.105764705194235,0
8502,3.288899402497734,0
8503,4.725910394209077,0
8504,5.284279406188282,189.7242691640811
8505,4.491663774196354,366.5191429188092
8506,4.30249414641517,518.3363427851427
8507,3.847344926527475,634.8297774819762
8508,4.070446245248853,708.0606119492238
8509,4.258625717663222,733.0382858376184
8510,4.256358702042317,708.0606119492238
8511,3.77986108853328,634.8297774819763
8512,4.079899395217758,518.3363427851427
8513,5.021702752012949,366.5191429188092
8514,6.245760920149844,189.7242691640812
8515,7.272904025307383,0
8516,7.526491294885522,0
8517,5.771591222049775,0
8518,5.508171034344275,0
8519,4.113943594138887,0
8520,3.263362981275463,0
8521,2.589793433133369,0
8522,2.348123926369982,0
8523,2.16514919384376,0
8524,1.897470334867714,0
8525,2.176307957171203,0
8526,3.478525008006752,0
8527,4.769340585202774,0
8528,5.242972081927829,189.7242691640811
8529,4.519105863371759,366.5191429188092
8530,3.97433729469549,518.3363427851427
8531,3.609310419885576,634.8297774819762
8532,4.102957057090484,708.0606119492238
8533,4.577901439858352,733.0382858376184
8534,4.034516823979577,708.0606119492238
8535,3.776792267199033,634.8297774819763
8536,4.154573599744958,518.3363427851427
8537,4.919963277669765,366.5191429188092
8538,6.142714730607762,189.7242691640812
8539,7.380817277222915,0
8540,7.032841684503305,0
8541,5.973064282923057,0
8542,5.189268840967066,0
8543,4.313285259643816,0
8544,3.491815493536154,0
8545,2.554221275954483,0
8546,2.317435385481739,0
8547,2.159685219420459,0
8548,1.805863440961555,0
8549,2.146092992817977,0
8550,3.406004536740066,0
8551,4.798166161394099,0
8552,5.17216259592737,189.7242691640811
8553,4.652307351953694,366.5191429188092
8554,4.017283466355794,518.3363427851427
8555,3.629067031530876,634.8297774819762
8556,4.112086851977914,708.0606119492238
8557,4.34155164958857,733.0382858376184
8558,4.287343964250057,708.0606119492238
8559,3.767702400331591,634.8297774819763
8560,4.035208796509674,518.3363427851427
8561,4.901485978032738,366.5191429188092
8562,6.490915766113771,189.7242691640812
8563,7.19483845842019,0
8564,6.855886238330622,0
8565,6.269223397588015,0
8566,5.191992588601892,0
8567,4.296459080859973,0
8568,3.47572948861242,0
8569,2.531393081158599,0
8570,2.233304149085201,0
8571,2.214781947325498,0
8572,1.949537934646301,0
8573,2.191419633615797,0
8574,3.496936168936315,0
8575,4.977447616774369,0
8576,5.283838885964586,189.7242691640811
8577,4.429694165914094,366.5191429188092
8578,4.228302557591693,518.3363427851427
8579,3.84200825823331,634.8297774819762
8580,4.333476702010065,708.0606119492238
8581,4.381572903860382,733.0382858376184
8582,4.146995054881602,708.0606119492238
8583,3.827746904635551,634.8297774819763
8584,3.966461189528343,518.3363427851427
8585,5.057424661841096,366.5191429188092
8586,6.109239329745197,189.7242691640812
8587,7.292572628084692,0
8588,6.821159380769669,0
8589,5.865536403319377,0
8590,5.499421556728291,0
8591,4.004837491535332,0
8592,3.388778981562281,0
8593,2.755905349771418,0
8594,2.372674683875992,0
8595,2.050728610565522,0
8596,1.796974970488134,0
8597,2.17457250863755,0
8598,3.406297040707907,0
8599,4.846951004593152,0
8600,5.133728210771118,189.7242691640811
8601,4.669403027507038,366.5191429188092
8602,3.962992410376809,518.3363427851427
8603,3.747418413988191,634.8297774819762
8604,4.18913742865385,708.0606119492238
8605,4.3995137588823,733.0382858376184
8606,4.019414469275177,708.0606119492238
8607,3.638053454832535,634.8297774819763
8608,4.286424289253154,518.3363427851427
8609,5.029213197295082,366.5191429188092
8610,6.446469595605041,189.7242691640812
8611,7.322630840892475,0
8612,7.141106130060055,0
8613,6.160782437548125,0
8614,5.266693165987674,0
8615,4.187819928964347,0
8616,3.406874911012318,0
8617,2.752577630495576,0
8618,2.357259036433162,0
8619,2.218641892482875,0
8620,1.822163103604187,0
8621,2.080631120894414,0
8622,3.386518929342578,0
8623,4.865127174404462,0
8624,5.529439537058602,189.7242691640811
8625,4.613052716711876,366.5191429188092
8626,4.293899963122224,518.3363427851427
8627,3.826589531291748,634.8297774819762
8628,4.075573668140216,708.0606119492238
8629,4.273042103694835,733.0382858376184
8630,4.327628218319917,708.0606119492238
8631,3.821349695974248,634.8297774819763
8632,4.078148800708545,518.3363427851427
8633,4.671158574900061,366.5191429188092
8634,6.174619072387671,189.7242691640812
8635,7.238494377257697,0
8636,7.331830105376851,0
8637,5.783845553820656,0
8638,5.263505017951493,0
8639,4.227527387261104,0
8640,3.493636342991973,0
8641,2.742834835700326,0
8642,2.350190229788474,0
8643,2.016896245942584,0
8644,1.962546001634632,0
8645,2.125008652114104,0
8646,3.479562402411007,0
8647,5.057399509395941,0
8648,5.36615819902935,189.7242691640811
8649,4.335871047604198,366.5191429188092
8650,4.28176013775739,518.3363427851427
8651,3.702019096159755,634.8297774819762
8652,4.362504368017428,708.0606119492238
8653,4.275087760646792,733.0382858376184
8654,3.995645577535093,708.0606119492238
8655,3.682491822553063,634.8297774819763
8656,4.270908517306428,518.3363427851427
8657,4.96302787084935,366.5191429188092
8658,6.53880902593903,189.7242691640812
8659,7.218064910643244,0
8660,6.958237434269707,0
8661,5.867574104822303,0
8662,5.27999773501658,0
8663,4.138609415399515,0
8664,3.457899890259003,0
8665,2.645839887721543,0
8666,2.318749628340588,0
8667,2.093540456542224,0
8668,1.959040740766532,0
8669,2.050616964806551,0
8670,3.545480712044363,0
8671,4.854399636561136,0
8672,5.543912247169554,189.7242691640811
8673,4.533686208403295,366.5191429188092
8674,4.224461461940429,518.3363427851427
8675,3.794431665631344,634.8297774819762
8676,4.281233666859615,708.0606119492238
8677,4.343024594711918,733.0382858376184
8678,4.167207102831092,708.0606119492238
8679,3.931357372451941,634.8297774819763
8680,4.210942067364128,518.3363427851427
8681,5.073919350374385,366.5191429188092
8682,6.651618189817651,189.7242691640812
8683,7.433465934404578,0
8684,7.44842665919043,0
8685,5.858764657010782,0
8686,5.525022845429107,0
8687,3.969990684050155,0
8688,3.457770730486361,0
8689,2.566925926850269,0
8690,2.221984330825162,0
8691,2.087731305442909,0
8692,1.898513694209276,0
8693,2.059564533059997,0
8694,3.288189727813319,0
8695,4.682120876588547,0
8696,5.086577760585095,189.7242691640811
8697,4.411896026271412,366.5191429188092
8698,4.328468264296645,518.3363427851427
8699,3.798852516266674,634.8297774819762
8700,4.098135876023,708.0606119492238
8701,4.237606253424082,733.0382858376184
8702,4.005291486043653,708.0606119492238
8703,3.905187841878536,634.8297774819763
8704,3.971919164856776,518.3363427851427
8705,4.667868181169341,366.5191429188092
8706,6.401781272607651,189.7242691640812
8707,7.790674354566457,0
8708,7.513521532295306,0
8709,6.040908371508089,0
8710,5.218677981673623,0
8711,4.221707837160788,0
8712,3.481384316769063,0
8713,2.755143418835839,0
8714,2.2455041296836,0
8715,2.150350602297483,0
8716,1.801032583373425,0
8717,2.051673767434572,0
8718,3.512800376697469,0
8719,5.033048785823594,0
8720,5.353966274627487,189.7242691640811
8721,4.384275735535082,366.5191429188092
8722,3.999246059606057,518.3363427851427
8723,3.625252711842909,634.8297774819762
8724,3.991268864199531,708.0606119492238
8725,4.558339176483222,733.0382858376184
8726,3.973507476425683,708.0606119492238
8727,3.795140911155291,634.8297774819763
8728,4.071531474353072,518.3363427851427
8729,5.004413898408448,366.5191429188092
8730,6.606682725594508,189.7242691640812
8731,7.337326256321892,0
8732,7.363841334522956,0
8733,5.829536886628834,0
8734,5.213721406354705,0
8735,4.155246030201457,0
8736,3.285014769648663,0
8737,2.747442668147447,0
8738,2.284763191212677,0
8739,2.028177470504304,0
8740,1.944465204427167,0
8741,2.132635547160719,0
8742,3.541159628124795,0
8743,5.045643156916231,0
8744,5.176186015729002,189.7242691640811
8745,4.365986242078633,366.5191429188092
8746,4.005349236296924,518.3363427851427
8747,3.933158189355393,634.8297774819762
8748,4.330543990996208,708.0606119492238
8749,4.33493375234691,733.0382858376184
8750,4.065086966737982,708.0606119492238
8751,3.758309888888457,634.8297774819763
8752,4.046240811854305,518.3363427851427
8753,4.893046167883426,366.5191429188092
8754,6.313499740386402,189.7242691640812
8755,7.889649390614025,0
8756,7.233876179846857,0
8757,6.173737969780082,0
8758,5.064358950321723,0
8759,4.335423305886669,0
8760,3.5386164197593,0
